gene_id	normalized_counts
MYCTH_2307026	809.1542607
MYCTH_2085453	1186.317208
MYCTH_2302249	2442.114354
MYCTH_2298894	2535.70314
MYCTH_73867	2852.150484
MYCTH_2309471	3038.745985
MYCTH_2297894	3573.780589
MYCTH_2298716	3810.628265
MYCTH_2295745	3893.615035
MYCTH_2030873	3958.086386
MYCTH_2296379	4481.95076
MYCTH_2300411	4506.009717
MYCTH_2314437	4513.826106
MYCTH_2295397	4545.063945
MYCTH_2298096	4639.608991
MYCTH_2306302	4802.0901
MYCTH_2306407	4831.193677
MYCTH_2298355	4914.956541
MYCTH_2314632	5128.382768
MYCTH_2294215	5238.643746
MYCTH_2302517	5296.850899
MYCTH_2311559	5314.229891
MYCTH_2294333	5410.493435
MYCTH_2304257	5630.932238
MYCTH_2296492	5792.720404
MYCTH_2311944	5792.858993
MYCTH_2296068	5839.00895
MYCTH_2311279	5888.900795
MYCTH_2299819	6010.72005
MYCTH_2308630	6097.78132
MYCTH_2302632	6252.612346
MYCTH_2300548	6265.584226
MYCTH_2311850	6441.314392
MYCTH_2306429	6457.529242
MYCTH_2315634	6540.04481
MYCTH_2121955	6570.367965
MYCTH_2308603	6586.63825
MYCTH_2137349	6631.125145
MYCTH_2303134	6817.91467
MYCTH_2305190	6819.71632
MYCTH_2051026	6859.685232
MYCTH_102965	6930.642523
MYCTH_74504	7066.958131
MYCTH_2142129	7136.14149
MYCTH_2294372	7159.479786
MYCTH_2299773	7195.568221
MYCTH_2301721	7314.782013
MYCTH_2310279	7331.329475
MYCTH_80081	7358.104765
MYCTH_2307400	7363.204821
MYCTH_2303524	7454.867227
MYCTH_2296135	7455.56017
MYCTH_2312323	7474.463635
MYCTH_2307698	7500.656854
MYCTH_2308696	7623.612535
MYCTH_2308517	7819.022262
MYCTH_2303934	7939.455633
MYCTH_2297932	7974.379924
MYCTH_2036258	8123.473388
MYCTH_2307312	8192.767618
MYCTH_2303887	8193.599148
MYCTH_2051745	8197.618214
MYCTH_2313559	8274.784268
MYCTH_2078193	8322.264674
MYCTH_2295637	8386.403412
MYCTH_2306968	8467.671685
MYCTH_2297369	8484.385453
MYCTH_84911	8602.490538
MYCTH_2304925	8607.673746
MYCTH_2064467	8691.769223
MYCTH_66088	8743.767613
MYCTH_78119	8883.21532
MYCTH_2307126	8932.026175
MYCTH_83193	8975.376645
MYCTH_2139484	9077.544057
MYCTH_2294596	9163.025418
MYCTH_2299008	9174.611414
MYCTH_2293963	9417.362958
MYCTH_2305979	9484.162595
MYCTH_2308623	9516.897189
MYCTH_2297348	9608.226984
MYCTH_2298626	9665.159123
MYCTH_2308126	9764.360741
MYCTH_2141696	9774.727158
MYCTH_2142867	9884.128888
MYCTH_2057284	9978.867958
MYCTH_2308030	10122.50104
MYCTH_2111167	10270.76297
MYCTH_2303595	10334.29192
MYCTH_2307332	10338.42186
MYCTH_2305597	10406.49651
MYCTH_2295930	10452.11983
MYCTH_2308099	10497.07792
MYCTH_2305356	10520.3885
MYCTH_2311397	10545.97193
MYCTH_2304739	10600.82524
MYCTH_2114926	10641.59797
MYCTH_2297826	10643.56592
MYCTH_2302277	10860.78948
MYCTH_2134135	10906.32964
MYCTH_2299456	10940.17294
MYCTH_2139768	10945.49474
MYCTH_117145	11170.59012
MYCTH_2294366	11194.20559
MYCTH_2300913	11289.30499
MYCTH_2087011	11330.24402
MYCTH_2307178	11344.85124
MYCTH_2298035	11389.19955
MYCTH_2304663	11413.72971
MYCTH_2294415	11439.42401
MYCTH_2308660	11454.80733
MYCTH_2302174	11531.36359
MYCTH_2311545	11541.97947
MYCTH_2296788	11572.94013
MYCTH_108416	11574.52004
MYCTH_2308549	11575.76733
MYCTH_2304300	11579.84184
MYCTH_2120854	11755.46113
MYCTH_2310192	11798.36812
MYCTH_109078	11804.96493
MYCTH_2302133	11836.03646
MYCTH_2298248	11875.31243
MYCTH_2296320	11915.36449
MYCTH_2313651	11918.46888
MYCTH_2303440	11955.49971
MYCTH_2305929	12075.21242
MYCTH_2294188	12107.08777
MYCTH_2304515	12127.46027
MYCTH_2311333	12150.63226
MYCTH_2297442	12167.29059
MYCTH_2309418	12203.79479
MYCTH_2296918	12271.70314
MYCTH_2079864	12363.47642
MYCTH_2299189	12374.03686
MYCTH_2308814	12374.86839
MYCTH_2309883	12439.33974
MYCTH_2117190	12456.13666
MYCTH_2296889	12461.18128
MYCTH_2294768	12504.94752
MYCTH_2137832	12509.88127
MYCTH_112826	12551.54096
MYCTH_2308828	12592.17509
MYCTH_2299218	12604.48175
MYCTH_2297229	12605.00838
MYCTH_2145454	12606.97634
MYCTH_2309828	12619.86507
MYCTH_2307450	12663.18782
MYCTH_2295283	12670.56072
MYCTH_2294706	12737.83156
MYCTH_2302128	12932.18802
MYCTH_2312480	12948.31971
MYCTH_2302034	13061.103
MYCTH_2308666	13213.02367
MYCTH_2303752	13291.63104
MYCTH_2295952	13292.54573
MYCTH_2305025	13432.43692
MYCTH_2309644	13445.63054
MYCTH_2306085	13477.39501
MYCTH_2308740	13582.5005
MYCTH_98303	13587.90545
MYCTH_2091453	13617.70197
MYCTH_2299137	13669.09057
MYCTH_2309725	13688.77013
MYCTH_2306045	13728.40643
MYCTH_2314883	13743.65116
MYCTH_2294795	13766.9063
MYCTH_2306522	13936.98206
MYCTH_2049620	13939.17176
MYCTH_2313806	13960.12633
MYCTH_2301729	14025.37378
MYCTH_2310565	14093.33756
MYCTH_2308537	14362.78124
MYCTH_2127963	14452.66972
MYCTH_2307144	14476.75639
MYCTH_2299772	14493.91364
MYCTH_2306426	14494.57887
MYCTH_2307317	14591.4522
MYCTH_2315637	14699.99468
MYCTH_2141513	14773.52972
MYCTH_46410	14840.88371
MYCTH_2304928	15021.38132
MYCTH_2311300	15074.04493
MYCTH_2106971	15169.86499
MYCTH_2143673	15262.55295
MYCTH_2305621	15344.34786
MYCTH_110475	15348.25606
MYCTH_2302980	15384.34449
MYCTH_2295812	15497.84844
MYCTH_2309909	15527.45093
MYCTH_113715	15537.98366
MYCTH_2300994	15541.30978
MYCTH_2305148	15746.64244
MYCTH_2303512	15758.20072
MYCTH_2301927	15805.20992
MYCTH_75151	15824.446
MYCTH_2301271	15825.88732
MYCTH_2294392	15897.62071
MYCTH_2315693	16005.77514
MYCTH_113236	16037.5119
MYCTH_2306422	16071.74325
MYCTH_2300544	16308.75723
MYCTH_110956	16374.80849
MYCTH_112805	16405.74143
MYCTH_2313070	16427.11177
MYCTH_2295934	16429.9667
MYCTH_2297284	16436.34176
MYCTH_2313023	16546.32557
MYCTH_2076088	16605.53056
MYCTH_2303736	16673.96554
MYCTH_2296162	16678.81613
MYCTH_2296676	16696.69404
MYCTH_2078031	16713.10292
MYCTH_2302391	16715.37577
MYCTH_2306984	16752.57291
MYCTH_2308837	16828.68569
MYCTH_2310999	16829.82212
MYCTH_53851	16943.90814
MYCTH_2305591	16965.19532
MYCTH_2299749	17036.65153
MYCTH_2311356	17104.33814
MYCTH_2068493	17106.50012
MYCTH_106463	17147.71632
MYCTH_2310059	17174.18672
MYCTH_2296621	17205.03651
MYCTH_2298931	17219.31112
MYCTH_101105	17282.56289
MYCTH_2295089	17287.21947
MYCTH_2307336	17419.71003
MYCTH_2300674	17453.83051
MYCTH_2305317	17463.5317
MYCTH_2295038	17529.99873
MYCTH_2079868	17736.77271
MYCTH_116237	17824.36062
MYCTH_2307949	17853.21473
MYCTH_2086729	17871.89646
MYCTH_2312852	17919.48773
MYCTH_2300213	17977.14053
MYCTH_2300093	18188.18304
MYCTH_62866	18252.73754
MYCTH_2310272	18326.96552
MYCTH_2312770	18341.73905
MYCTH_52160	18345.95214
MYCTH_2302697	18450.33697
MYCTH_112411	18452.13862
MYCTH_2310503	18504.55277
MYCTH_2296228	18570.52088
MYCTH_2294817	18677.78835
MYCTH_2296103	18691.48089
MYCTH_2299985	18750.51957
MYCTH_2312196	18762.99253
MYCTH_2296462	18767.92628
MYCTH_113457	18827.63019
MYCTH_2118030	18859.53325
MYCTH_2294310	18907.42942
MYCTH_2294816	18952.49839
MYCTH_2302738	19015.88875
MYCTH_2301508	19050.64674
MYCTH_2307364	19092.91622
MYCTH_2311976	19119.74694
MYCTH_2123684	19144.55427
MYCTH_2308188	19192.92165
MYCTH_2302897	19209.74629
MYCTH_2298631	19213.90394
MYCTH_2299031	19235.41287
MYCTH_2300408	19269.1453
MYCTH_2304462	19408.62072
MYCTH_2132225	19508.26583
MYCTH_2297068	19524.28665
MYCTH_2298981	19658.27397
MYCTH_2316024	19780.03779
MYCTH_2305556	19832.61826
MYCTH_2304273	19907.81635
MYCTH_2118610	19977.63722
MYCTH_2310832	19985.34274
MYCTH_2308951	20012.92184
MYCTH_2311660	20127.92254
MYCTH_74772	20197.24449
MYCTH_2312563	20205.31034
MYCTH_2300655	20214.18
MYCTH_2074876	20277.81982
MYCTH_2301456	20333.33836
MYCTH_76163	20400.74778
MYCTH_2296852	20425.72142
MYCTH_2306706	20514.27945
MYCTH_2297332	20521.48605
MYCTH_2296599	20595.0488
MYCTH_66022	20621.32518
MYCTH_2313324	20643.94281
MYCTH_2306297	20673.40672
MYCTH_2298505	20695.41457
MYCTH_2295039	20702.42714
MYCTH_2314496	20758.88808
MYCTH_2294760	20787.16013
MYCTH_2302851	20805.81413
MYCTH_2312297	20912.27779
MYCTH_2297296	21146.76946
MYCTH_2297119	21216.28543
MYCTH_2312055	21314.35062
MYCTH_2301765	21331.56331
MYCTH_2299464	21422.78223
MYCTH_2312685	21752.89994
MYCTH_2294730	21794.75366
MYCTH_2306532	21796.33356
MYCTH_2296525	21882.48015
MYCTH_2303950	22076.47628
MYCTH_2299569	22265.48322
MYCTH_2082522	22802.26403
MYCTH_2311689	22819.42129
MYCTH_2303817	22836.828
MYCTH_2305213	22841.01337
MYCTH_2302465	22928.07464
MYCTH_41855	22954.4896
MYCTH_2305468	22995.98298
MYCTH_2302259	23090.08455
MYCTH_2300119	23175.84308
MYCTH_2309086	23199.70802
MYCTH_2293982	23210.1853
MYCTH_2305137	23219.83106
MYCTH_2301280	23397.3906
MYCTH_2301287	23552.38793
MYCTH_109638	23799.68517
MYCTH_2312676	23812.82336
MYCTH_2301374	23847.02699
MYCTH_2313124	23868.92397
MYCTH_2294293	23882.94912
MYCTH_2305849	23908.67114
MYCTH_2135257	23984.78392
MYCTH_2306290	24070.87507
MYCTH_2298921	24218.22232
MYCTH_2300713	24245.74599
MYCTH_2306143	24265.84131
MYCTH_2298987	24281.39094
MYCTH_2062193	24302.51182
MYCTH_2304552	24569.73809
MYCTH_2305012	24616.08207
MYCTH_110317	24660.54124
MYCTH_2309794	24690.36548
MYCTH_2314205	24774.79357
MYCTH_2308596	24833.99856
MYCTH_2301062	24887.4937
MYCTH_2294587	24974.25008
MYCTH_2314749	25223.68159
MYCTH_2295633	25303.53626
MYCTH_2312847	25417.67771
MYCTH_2308138	25513.55321
MYCTH_2294640	25550.47317
MYCTH_2142074	25576.41693
MYCTH_2075799	25643.13342
MYCTH_2298937	25646.98618
MYCTH_2311792	25711.45753
MYCTH_2295254	25731.19252
MYCTH_2299495	25755.2792
MYCTH_2298524	25945.53344
MYCTH_2302072	25996.42312
MYCTH_117620	26011.58469
MYCTH_89127	26085.84039
MYCTH_2141262	26121.7348
MYCTH_2312532	26187.34258
MYCTH_2303614	26243.96982
MYCTH_2297367	26349.24162
MYCTH_2054613	26364.62494
MYCTH_2302752	26592.49208
MYCTH_2302283	26621.15217
MYCTH_2304940	26638.72519
MYCTH_2301126	26671.59837
MYCTH_2294471	26679.49791
MYCTH_2303459	26755.33352
MYCTH_74015	26825.15438
MYCTH_2313121	26937.8268
MYCTH_2304140	26970.5614
MYCTH_2301308	27006.78842
MYCTH_2305458	27139.1404
MYCTH_2306691	27160.20584
MYCTH_79157	27178.52724
MYCTH_2305507	27238.28658
MYCTH_2307432	27249.70627
MYCTH_2295768	27269.74616
MYCTH_2306835	27317.61461
MYCTH_2313207	27338.01483
MYCTH_92876	27380.56149
MYCTH_2300461	27404.12153
MYCTH_2117078	27519.84289
MYCTH_2303936	27585.78328
MYCTH_2305747	27613.16836
MYCTH_2303153	27692.16378
MYCTH_2307289	27747.93178
MYCTH_2312108	27772.24019
MYCTH_2303748	27971.91845
MYCTH_2305132	28159.78896
MYCTH_2303321	28202.47421
MYCTH_2304984	28218.82764
MYCTH_2302094	28252.72638
MYCTH_2300969	28253.75194
MYCTH_50335	28321.66028
MYCTH_2301054	28410.35689
MYCTH_2136659	28414.79173
MYCTH_2311805	28472.99888
MYCTH_2300709	28605.90521
MYCTH_2309107	28615.19064
MYCTH_2300156	28618.32274
MYCTH_2307600	28652.33234
MYCTH_2294252	28750.73015
MYCTH_2296410	28987.99359
MYCTH_2312176	29029.29295
MYCTH_2136823	29044.81486
MYCTH_2066367	29385.38214
MYCTH_2300265	29461.13459
MYCTH_2311282	29521.28198
MYCTH_2296297	29525.43963
MYCTH_2301096	29532.64623
MYCTH_2308658	29649.89207
MYCTH_2294192	29678.71847
MYCTH_2294962	29693.87728
MYCTH_2312360	29713.89222
MYCTH_2298183	29728.88749
MYCTH_2293970	29750.23011
MYCTH_2311548	29759.65413
MYCTH_2314483	29768.24661
MYCTH_2295898	29834.76907
MYCTH_2306960	29871.88306
MYCTH_2117720	29939.26477
MYCTH_2297436	29972.8309
MYCTH_2090680	30010.22206
MYCTH_2306255	30117.48953
MYCTH_80987	30137.44627
MYCTH_2299657	30178.74563
MYCTH_2301403	30234.73537
MYCTH_105669	30322.76676
MYCTH_50254	30370.82923
MYCTH_2309867	30484.74895
MYCTH_2307656	30496.94473
MYCTH_2313270	30500.82521
MYCTH_59287	30593.67948
MYCTH_2311364	30633.59295
MYCTH_2310757	30714.52861
MYCTH_2308551	30749.4529
MYCTH_114738	30814.58948
MYCTH_2311072	30939.87345
MYCTH_2303498	30996.97189
MYCTH_2303480	31103.685
MYCTH_81343	31128.07657
MYCTH_2299040	31184.89784
MYCTH_2294324	31208.1807
MYCTH_2308258	31269.13191
MYCTH_2143314	31347.60069
MYCTH_2310632	31406.91655
MYCTH_2092861	31452.65074
MYCTH_2298717	31567.95634
MYCTH_2299416	31675.77816
MYCTH_2142956	31681.59888
MYCTH_2304281	31700.66865
MYCTH_2309706	31792.96856
MYCTH_2305058	31870.63354
MYCTH_2311164	31938.04296
MYCTH_2312344	32105.67956
MYCTH_2298356	32266.165
MYCTH_64792	32290.55657
MYCTH_67016	32327.14392
MYCTH_2307261	32464.23562
MYCTH_2294394	32623.16887
MYCTH_75329	32698.00664
MYCTH_2299965	32746.78977
MYCTH_2308944	32792.80114
MYCTH_2308489	32841.58428
MYCTH_2298055	32879.03088
MYCTH_2311951	32912.54157
MYCTH_2311786	32953.75778
MYCTH_2117839	32996.52618
MYCTH_2305846	33092.5957
MYCTH_2092357	33196.20443
MYCTH_2311495	33208.84369
MYCTH_2309874	33225.47431
MYCTH_2308140	33397.18541
MYCTH_2093740	33400.65012
MYCTH_2304429	33403.69907
MYCTH_2311735	33520.9449
MYCTH_2296263	33584.36298
MYCTH_2141069	33588.02172
MYCTH_77059	33599.66315
MYCTH_2089196	33685.33853
MYCTH_2295707	33768.18671
MYCTH_2313457	33798.67618
MYCTH_2315227	33904.55776
MYCTH_2300848	34113.96492
MYCTH_20364	34163.80133
MYCTH_2295903	34228.3004
MYCTH_2314125	34229.96346
MYCTH_2302870	34260.7301
MYCTH_2298542	34279.57813
MYCTH_2298826	34409.01975
MYCTH_2314770	34422.60142
MYCTH_2313145	34501.87402
MYCTH_2302424	34515.45569
MYCTH_2311881	34520.64721
MYCTH_2294353	34646.56037
MYCTH_114710	34697.67179
MYCTH_2309805	34699.22398
MYCTH_2306518	34723.33837
MYCTH_2302591	34742.74076
MYCTH_2116644	34855.82894
MYCTH_2294414	34938.70484
MYCTH_2296084	34941.83694
MYCTH_2310737	34957.55287
MYCTH_2316017	35019.91768
MYCTH_2135256	35039.70811
MYCTH_2295769	35102.23922
MYCTH_2297322	35123.30467
MYCTH_73194	35128.70962
MYCTH_2308783	35143.53858
MYCTH_2313627	35172.91933
MYCTH_2297673	35244.65272
MYCTH_43573	35295.23751
MYCTH_2295813	35401.64573
MYCTH_2297813	35402.42182
MYCTH_2059227	35439.56353
MYCTH_2301421	35474.765
MYCTH_2309016	35589.79342
MYCTH_2300162	35652.71258
MYCTH_117206	35677.15958
MYCTH_49355	35833.68693
MYCTH_2298813	35845.21195
MYCTH_2302460	35918.16491
MYCTH_2303271	36018.03176
MYCTH_104076	36058.77676
MYCTH_2309609	36095.64129
MYCTH_2299297	36158.64361
MYCTH_2049934	36260.83874
MYCTH_2304388	36263.88768
MYCTH_2071301	36273.3117
MYCTH_2300639	36281.29439
MYCTH_2301462	36294.65432
MYCTH_115909	36296.31738
MYCTH_2135843	36299.92068
MYCTH_2304075	36366.66488
MYCTH_2304548	36378.63893
MYCTH_2309779	36391.38906
MYCTH_2302215	36459.79633
MYCTH_2310340	36476.75956
MYCTH_2304292	36501.48374
MYCTH_2298129	36608.14141
MYCTH_2310812	37015.36974
MYCTH_78048	37169.42467
MYCTH_2310833	37219.31652
MYCTH_2295923	37428.08617
MYCTH_2306452	37475.09538
MYCTH_2305104	37545.83093
MYCTH_2312860	37567.7279
MYCTH_2310035	37645.61462
MYCTH_2312088	37689.46401
MYCTH_2302675	37762.00121
MYCTH_2299988	37927.22637
MYCTH_2311439	37934.71014
MYCTH_2296350	38071.24749
MYCTH_2312689	38114.87514
MYCTH_2298329	38136.21776
MYCTH_2306931	38250.41465
MYCTH_2299204	38269.81704
MYCTH_2301899	38310.83922
MYCTH_2311679	38328.30137
MYCTH_55542	38376.80733
MYCTH_2304698	38380.6878
MYCTH_2306072	38389.28029
MYCTH_2307110	38414.22621
MYCTH_2298163	38437.50907
MYCTH_2305128	38591.89661
MYCTH_2116851	38634.69273
MYCTH_2314338	38712.46857
MYCTH_2312908	38894.29663
MYCTH_2306087	38899.86789
MYCTH_2298958	39002.67281
MYCTH_2089248	39155.39729
MYCTH_2311687	39451.42224
MYCTH_2304613	39629.647
MYCTH_112802	39739.68623
MYCTH_2306632	39768.23545
MYCTH_113138	39848.89394
MYCTH_2300423	40010.76526
MYCTH_2295767	40078.45186
MYCTH_2312608	40124.13062
MYCTH_2315699	40179.566
MYCTH_93313	40399.3673
MYCTH_2299698	40403.52495
MYCTH_2296824	40459.81958
MYCTH_2298421	40511.84569
MYCTH_2313110	40781.31709
MYCTH_2314543	40815.68703
MYCTH_2299299	40816.51856
MYCTH_2095744	40822.89363
MYCTH_2122256	41007.77063
MYCTH_2305513	41010.26522
MYCTH_2297483	41052.28524
MYCTH_104959	41098.87868
MYCTH_77970	41121.69034
MYCTH_2309965	41173.49471
MYCTH_2310394	41173.7996
MYCTH_113239	41256.2043
MYCTH_2031061	41259.17009
MYCTH_105966	41285.94538
MYCTH_40668	41375.30722
MYCTH_2304860	41404.96515
MYCTH_2296914	41412.33806
MYCTH_2304947	41423.00937
MYCTH_2304826	41437.94921
MYCTH_2294240	41443.49274
MYCTH_2300740	41470.71152
MYCTH_2308004	41681.86489
MYCTH_2295851	41735.91439
MYCTH_2314160	41770.53379
MYCTH_2304915	41946.0145
MYCTH_2305145	42029.44475
MYCTH_2301905	42137.84864
MYCTH_2294216	42183.55512
MYCTH_2307570	42425.53056
MYCTH_112996	42459.06897
MYCTH_2295207	42719.06092
MYCTH_2303507	42814.82555
MYCTH_2309205	42856.54067
MYCTH_2302336	42880.26702
MYCTH_2063420	42984.59641
MYCTH_2302191	43214.37607
MYCTH_2306898	43299.46939
MYCTH_2295196	43439.52688
MYCTH_2294631	43472.17832
MYCTH_2088965	43532.02082
MYCTH_2305189	43619.33155
MYCTH_101411	43619.33155
MYCTH_2299068	43643.72312
MYCTH_2312794	43778.4311
MYCTH_2308446	43805.45585
MYCTH_2297541	44154.69877
MYCTH_112159	44210.13415
MYCTH_60661	44456.07323
MYCTH_2307824	44458.62326
MYCTH_89669	44470.81904
MYCTH_2309354	44665.95159
MYCTH_2132689	45131.49794
MYCTH_2295965	45382.17675
MYCTH_2296504	45480.76858
MYCTH_2297048	45494.68286
MYCTH_105006	45503.58024
MYCTH_47844	45516.88473
MYCTH_2302660	45611.95641
MYCTH_2294435	45718.39235
MYCTH_2302339	45762.40804
MYCTH_2312519	45943.46
MYCTH_2314728	46058.7656
MYCTH_2299064	46146.07633
MYCTH_2309641	46226.48536
MYCTH_113912	46258.58244
MYCTH_2300091	46373.08423
MYCTH_2118116	46669.74668
MYCTH_2298428	46860.08407
MYCTH_2312447	47037.86535
MYCTH_107134	47158.04926
MYCTH_2296376	47207.66393
MYCTH_114482	47372.02984
MYCTH_71748	47507.56935
MYCTH_2306820	47536.05205
MYCTH_37941	47586.84195
MYCTH_2304303	47659.26828
MYCTH_2300475	47991.79743
MYCTH_2308655	48090.74959
MYCTH_2308682	48171.96242
MYCTH_2119403	48226.01192
MYCTH_2130327	48302.78993
MYCTH_2307825	48424.74777
MYCTH_2304543	48848.2741
MYCTH_2299288	48907.58996
MYCTH_2141082	48912.30197
MYCTH_2297891	48918.98193
MYCTH_2307429	49014.802
MYCTH_2310607	49142.63599
MYCTH_2309187	49394.4235
MYCTH_54923	49415.1009
MYCTH_2313989	49712.23456
MYCTH_2303431	49800.37682
MYCTH_79440	50120.79333
MYCTH_2294707	50407.28339
MYCTH_2309153	50425.41077
MYCTH_2311885	50653.80455
MYCTH_2307782	50689.83754
MYCTH_2303693	50985.91793
MYCTH_2312054	51006.65076
MYCTH_2311673	51137.92175
MYCTH_2304301	51210.93015
MYCTH_2097810	51242.72234
MYCTH_2305828	51280.75102
MYCTH_2299291	51447.80554
MYCTH_2306540	51666.609
MYCTH_2309174	51845.11094
MYCTH_2077959	51880.58958
MYCTH_2301163	52076.85856
MYCTH_2303933	52106.98769
MYCTH_2302030	52367.31225
MYCTH_2302765	52694.38101
MYCTH_2307878	52890.06792
MYCTH_2090930	53010.94477
MYCTH_2306147	53054.43383
MYCTH_2305675	53107.37462
MYCTH_2303133	53144.23915
MYCTH_2302257	53250.73052
MYCTH_2301391	53280.88737
MYCTH_2294003	53947.22068
MYCTH_2308247	54245.37989
MYCTH_2316157	54304.77891
MYCTH_2135627	54606.15337
MYCTH_2302246	54619.09753
MYCTH_2308831	54944.50323
MYCTH_2297251	54951.46037
MYCTH_2300057	55061.19471
MYCTH_2314967	55138.2499
MYCTH_2309899	55153.55006
MYCTH_2298482	55295.96356
MYCTH_2304313	55582.01014
MYCTH_112905	55793.21895
MYCTH_2302305	55882.94112
MYCTH_2130787	55945.94344
MYCTH_122939	55994.1445
MYCTH_2303593	56056.73105
MYCTH_2301916	56130.98675
MYCTH_2304585	56162.14143
MYCTH_2294358	56249.2027
MYCTH_2296687	56292.96894
MYCTH_2308197	56385.8232
MYCTH_2305424	56731.18564
MYCTH_2087157	56741.71837
MYCTH_2316737	56810.18107
MYCTH_2300142	56867.55669
MYCTH_2301098	56921.60619
MYCTH_2296595	56942.67163
MYCTH_2299001	56983.61066
MYCTH_2142854	56992.5912
MYCTH_107142	57165.74362
MYCTH_2300799	57215.46916
MYCTH_2316572	57271.95781
MYCTH_2306528	57282.6014
MYCTH_74927	57347.07276
MYCTH_2082040	57387.54059
MYCTH_2316248	57389.48082
MYCTH_40920	57482.5014
MYCTH_2298134	57561.33051
MYCTH_2304414	57600.41246
MYCTH_2312423	57721.95454
MYCTH_2294008	57902.81248
MYCTH_2112181	57903.64401
MYCTH_2089610	58001.40431
MYCTH_2297018	58027.54209
MYCTH_2301019	58185.81011
MYCTH_2295178	58368.4697
MYCTH_2077843	58402.56246
MYCTH_95811	58434.46552
MYCTH_2313192	58518.39469
MYCTH_2112958	58548.63469
MYCTH_2296711	58649.13904
MYCTH_2295436	58699.14176
MYCTH_2114693	58713.55496
MYCTH_2311306	58902.89451
MYCTH_2295135	58960.24242
MYCTH_2309061	58996.82977
MYCTH_2308922	59253.77277
MYCTH_2297763	59260.12012
MYCTH_2300012	59645.42376
MYCTH_110028	59788.72422
MYCTH_2298552	60096.66778
MYCTH_2296049	60106.36897
MYCTH_2310660	60250.58412
MYCTH_2308313	60266.57723
MYCTH_2307463	60389.31117
MYCTH_2311160	60548.93736
MYCTH_65705	60600.85259
MYCTH_2294418	60951.25965
MYCTH_2134461	60953.5325
MYCTH_2294343	61233.95239
MYCTH_2296333	61384.76435
MYCTH_2297465	61408.35211
MYCTH_2306961	61486.9872
MYCTH_2308546	61496.52209
MYCTH_2312518	61659.39124
MYCTH_2311080	61814.24999
MYCTH_2304722	61926.58979
MYCTH_2315449	61966.22609
MYCTH_75762	62094.28183
MYCTH_2300608	62146.80685
MYCTH_117150	62541.92255
MYCTH_2296965	62553.39767
MYCTH_2313117	62616.76032
MYCTH_2117900	62834.62137
MYCTH_2294558	62974.04136
MYCTH_2144570	63184.14147
MYCTH_2306912	63272.28373
MYCTH_2299745	63422.51362
MYCTH_2304000	63550.29218
MYCTH_2069574	63580.44902
MYCTH_2300427	63678.26476
MYCTH_2316635	63816.38202
MYCTH_59388	63893.99155
MYCTH_2297751	64023.43317
MYCTH_2314025	64237.1643
MYCTH_2307908	64355.21394
MYCTH_79327	64419.60214
MYCTH_2306934	64521.24292
MYCTH_2308952	64588.01484
MYCTH_2304195	65335.03435
MYCTH_2294867	65525.98153
MYCTH_2304203	65574.23803
MYCTH_2296319	65585.1588
MYCTH_2299129	65585.32511
MYCTH_2294264	65693.70128
MYCTH_2312329	65742.65072
MYCTH_2300154	65920.98635
MYCTH_2300593	65925.14401
MYCTH_2299308	65949.45242
MYCTH_2310189	65978.05708
MYCTH_2306347	66078.6723
MYCTH_2300515	66155.47803
MYCTH_2300124	66227.54402
MYCTH_2106723	66283.81094
MYCTH_2310085	66532.8544
MYCTH_2088816	66714.26669
MYCTH_2307677	67161.1036
MYCTH_2304512	67232.44894
MYCTH_2296424	67455.16059
MYCTH_2298874	67475.97658
MYCTH_2133010	67859.00736
MYCTH_2297783	68035.87395
MYCTH_71484	68085.73808
MYCTH_2306070	68213.21175
MYCTH_2300064	68272.77707
MYCTH_2117728	68357.37146
MYCTH_2310518	68360.42041
MYCTH_77492	68368.45854
MYCTH_2305200	68474.42327
MYCTH_2306388	68603.31054
MYCTH_2306928	68673.35315
MYCTH_2305515	68678.9244
MYCTH_2304628	68841.32236
MYCTH_2312307	68948.03547
MYCTH_2312548	69016.22099
MYCTH_2314369	69332.47986
MYCTH_2304045	69469.12808
MYCTH_2038387	69486.03587
MYCTH_2294503	69656.91544
MYCTH_96869	69759.05513
MYCTH_2307334	70121.32536
MYCTH_2295109	70349.71915
MYCTH_2306913	70439.24729
MYCTH_2306377	70657.71814
MYCTH_2306954	70677.73031
MYCTH_2096341	70971.70415
MYCTH_2311706	71015.4981
MYCTH_2306401	71048.73161
MYCTH_2301537	71052.63981
MYCTH_2297450	71316.51223
MYCTH_2298873	71388.57823
MYCTH_2307051	71951.52455
MYCTH_2312153	72086.78689
MYCTH_2296944	72188.78799
MYCTH_2309142	72733.13574
MYCTH_2312814	72752.84302
MYCTH_90482	72850.32614
MYCTH_2306283	72851.90605
MYCTH_2298956	72892.95595
MYCTH_2299553	72918.12362
MYCTH_2141686	73063.25345
MYCTH_2306949	73086.56403
MYCTH_2119272	73185.23901
MYCTH_2306300	73252.31583
MYCTH_2308773	73260.68657
MYCTH_2297705	73345.72445
MYCTH_2298170	73475.49868
MYCTH_111604	73683.15963
MYCTH_2301841	73838.54501
MYCTH_2312382	73902.85005
MYCTH_2310998	74204.97289
MYCTH_2312723	74320.83285
MYCTH_2305972	74848.43911
MYCTH_2302506	75135.17863
MYCTH_2305158	75155.82831
MYCTH_2307988	75522.67196
MYCTH_2309943	75528.43724
MYCTH_2297116	75837.82212
MYCTH_2310162	75860.8278
MYCTH_73679	76022.14477
MYCTH_38472	76050.97117
MYCTH_2310121	76110.28703
MYCTH_2296679	76787.76285
MYCTH_2300820	77162.17343
MYCTH_2309758	77191.55418
MYCTH_2303581	77205.41303
MYCTH_2300583	77422.16538
MYCTH_2113540	77710.01361
MYCTH_2097778	77732.60353
MYCTH_2308710	77854.83855
MYCTH_81013	77889.48566
MYCTH_2299061	78025.30235
MYCTH_2296691	78228.47303
MYCTH_79542	78318.86043
MYCTH_2310921	78473.22025
MYCTH_2057433	78623.50558
MYCTH_2311890	78660.28695
MYCTH_2295439	78754.85972
MYCTH_2035048	78941.37207
MYCTH_2313379	79163.94513
MYCTH_2298104	79845.82807
MYCTH_2074571	79852.17542
MYCTH_112306	79955.28523
MYCTH_2313336	79970.1142
MYCTH_2294585	80237.78395
MYCTH_2296015	80786.26163
MYCTH_2308733	80889.01111
MYCTH_2299438	81035.1665
MYCTH_2314092	81366.11574
MYCTH_2303364	81572.75113
MYCTH_2310028	82320.24185
MYCTH_2307473	82425.09787
MYCTH_2294309	82588.18877
MYCTH_2311474	82589.18661
MYCTH_83980	82836.26211
MYCTH_67051	82844.8546
MYCTH_111814	83002.29109
MYCTH_2309334	83171.64618
MYCTH_2311974	83488.18222
MYCTH_2295218	83565.23741
MYCTH_78432	83761.47867
MYCTH_2300175	83862.92542
MYCTH_99435	83941.3942
MYCTH_2299373	83978.78537
MYCTH_2306298	84131.78703
MYCTH_2293999	84290.33222
MYCTH_2307431	84459.13297
MYCTH_2300974	84623.80377
MYCTH_2124996	84646.14423
MYCTH_2309342	84700.55406
MYCTH_2308782	84836.92511
MYCTH_79688	84988.15283
MYCTH_2310303	85235.22834
MYCTH_2301730	85303.41386
MYCTH_2303801	85383.51799
MYCTH_2299655	85811.75633
MYCTH_2313331	85995.19201
MYCTH_2302901	86294.95885
MYCTH_2306768	86718.59605
MYCTH_2299462	86835.92504
MYCTH_2294970	86853.11001
MYCTH_2311907	87027.7869
MYCTH_2311698	87074.21403
MYCTH_2310439	87111.07856
MYCTH_2298290	87166.90199
MYCTH_2315997	87405.08012
MYCTH_2296663	87554.17358
MYCTH_2305149	87636.3011
MYCTH_2295729	87792.46258
MYCTH_117073	87834.59347
MYCTH_2307768	88129.48199
MYCTH_92919	88250.08167
MYCTH_2308439	88299.86265
MYCTH_2305667	88414.39215
MYCTH_2300010	88551.65016
MYCTH_2311608	88680.09394
MYCTH_2309049	88719.89655
MYCTH_2299107	89120.72209
MYCTH_75351	89491.36306
MYCTH_2312755	89945.54516
MYCTH_2134860	89963.3122
MYCTH_2307442	90394.23915
MYCTH_2313161	90695.61362
MYCTH_2302852	90717.78777
MYCTH_2305455	90745.50546
MYCTH_2026172	90813.60783
MYCTH_2119714	91442.60541
MYCTH_110897	91587.3472
MYCTH_2297360	91780.76125
MYCTH_97470	91851.968
MYCTH_2304561	91902.96855
MYCTH_2313954	91917.96382
MYCTH_2307846	91923.23019
MYCTH_2109970	91977.97263
MYCTH_2037019	92098.68317
MYCTH_2308761	92232.8368
MYCTH_2304994	92292.76245
MYCTH_2315098	92697.66249
MYCTH_2304811	92858.97946
MYCTH_2306019	92879.21338
MYCTH_2302790	93414.85777
MYCTH_2297570	93557.18812
MYCTH_59946	93758.69574
MYCTH_2085059	93815.517
MYCTH_71014	93821.44859
MYCTH_2121350	94180.559
MYCTH_2310422	94399.69508
MYCTH_2055659	94480.18725
MYCTH_2304190	94915.82621
MYCTH_2297656	95280.48017
MYCTH_2308168	95312.27236
MYCTH_2312573	95462.50225
MYCTH_110536	95677.31436
MYCTH_2312533	95898.08578
MYCTH_2299032	97998.67105
MYCTH_2312994	98047.45418
MYCTH_90619	98194.63513
MYCTH_2300751	98645.15849
MYCTH_2296933	98750.37485
MYCTH_2059413	98755.28088
MYCTH_2313956	99035.86707
MYCTH_2096246	99219.35819
MYCTH_2308407	99412.82768
MYCTH_2304768	99438.05078
MYCTH_2081249	99773.46257
MYCTH_2138498	100038.0279
MYCTH_2311684	100103.1368
MYCTH_74487	100248.3221
MYCTH_42359	100831.6686
MYCTH_2310306	101090.8567
MYCTH_2141524	101186.5105
MYCTH_2303573	101656.0205
MYCTH_2304820	101726.9778
MYCTH_2300787	102256.3857
MYCTH_2294498	102448.4693
MYCTH_77354	102460.6651
MYCTH_2311112	102850.4867
MYCTH_2299321	102975.1054
MYCTH_2298672	103088.748
MYCTH_2294991	103206.8253
MYCTH_2307265	103992.3447
MYCTH_2298116	104217.3292
MYCTH_2304410	104326.8973
MYCTH_2298729	104472.138
MYCTH_2069203	104516.7634
MYCTH_2298111	104553.6557
MYCTH_2121249	104907.5829
MYCTH_2309017	105068.0683
MYCTH_2295096	105311.5405
MYCTH_2121938	105595.6469
MYCTH_2303816	105825.0385
MYCTH_2314027	105974.4369
MYCTH_48250	106075.3293
MYCTH_2315027	106222.7874
MYCTH_2311371	106269.0759
MYCTH_2296323	107800.3675
MYCTH_106293	108153.6849
MYCTH_2313072	108552.986
MYCTH_48238	109193.5419
MYCTH_51515	109221.8416
MYCTH_2306127	109665.0475
MYCTH_2304549	110280.3803
MYCTH_2134470	110584.8591
MYCTH_103702	110912.3436
MYCTH_2311354	111318.4078
MYCTH_2145474	111763.8311
MYCTH_2309695	111812.0599
MYCTH_2303514	111953.8359
MYCTH_2294800	112258.0376
MYCTH_2296529	112303.7718
MYCTH_2308190	113202.2685
MYCTH_2071905	113329.3541
MYCTH_2305543	114016.4479
MYCTH_2310222	115219.1463
MYCTH_2311467	115622.023
MYCTH_2297644	116220.0044
MYCTH_2312849	116235.859
MYCTH_2296998	116429.8274
MYCTH_107972	116445.2107
MYCTH_2084007	116757.1733
MYCTH_2297723	116913.2239
MYCTH_2294213	117097.0199
MYCTH_2304799	117412.9739
MYCTH_2296056	117479.7735
MYCTH_2311826	117546.0188
MYCTH_2298433	117629.3382
MYCTH_51411	117869.2071
MYCTH_2081891	118412.751
MYCTH_2300892	118691.3138
MYCTH_2307175	118691.591
MYCTH_2307580	118803.2933
MYCTH_2294928	119505.6042
MYCTH_2308533	119934.5909
MYCTH_2139072	120114.6173
MYCTH_2298384	120316.4021
MYCTH_2297416	120450.528
MYCTH_2307037	120792.5921
MYCTH_2307076	121853.6253
MYCTH_2295198	122013.2792
MYCTH_2304622	122574.1467
MYCTH_2299680	122604.4976
MYCTH_2303313	122864.7667
MYCTH_2302859	124216.2536
MYCTH_2070984	124868.4786
MYCTH_2306410	125090.9131
MYCTH_2080003	125289.0115
MYCTH_111372	126028.464
MYCTH_2314342	126341.0642
MYCTH_2299450	126391.2609
MYCTH_2300649	126585.0353
MYCTH_2309812	126601.5273
MYCTH_2300697	127013.828
MYCTH_2302106	127345.0544
MYCTH_2096131	127390.8717
MYCTH_2305501	127412.1312
MYCTH_2119779	127717.0258
MYCTH_2305251	128151.0849
MYCTH_2294429	128281.0808
MYCTH_2296403	128404.1474
MYCTH_2297694	128508.3382
MYCTH_2293961	129327.8672
MYCTH_2293953	130044.7576
MYCTH_63965	130994.3657
MYCTH_2299136	131059.4745
MYCTH_85489	131519.4774
MYCTH_72822	132196.2048
MYCTH_42730	132317.6083
MYCTH_2310892	132682.5394
MYCTH_2294886	133542.7303
MYCTH_2309375	133745.3466
MYCTH_2302736	133791.2471
MYCTH_2297573	134219.042
MYCTH_2312622	134681.9274
MYCTH_2294810	135254.7689
MYCTH_2301970	135985.9617
MYCTH_2306915	136248.9748
MYCTH_2297371	136650.0498
MYCTH_2309088	136927.4208
MYCTH_2297791	137418.8554
MYCTH_2294525	138104.1199
MYCTH_2304836	138259.2836
MYCTH_2308119	138655.8129
MYCTH_2296361	139130.4783
MYCTH_2301997	139203.7916
MYCTH_2302700	139223.4712
MYCTH_2303590	139245.9225
MYCTH_2302248	139595.2763
MYCTH_2295145	140620.1934
MYCTH_2308663	140929.7723
MYCTH_2312083	140957.4623
MYCTH_2298996	141041.9735
MYCTH_114678	141333.6191
MYCTH_2300741	141975.9766
MYCTH_2296924	142390.4947
MYCTH_2308748	142572.3227
MYCTH_5082	142914.4145
MYCTH_2300294	143079.2793
MYCTH_2299590	143163.8183
MYCTH_2311939	143561.484
MYCTH_2303019	143612.0133
MYCTH_2056329	144294.7001
MYCTH_2306722	144682.5538
MYCTH_2305331	144990.3587
MYCTH_2307871	145059.9856
MYCTH_2313775	145512.0611
MYCTH_2300185	146168.6932
MYCTH_2301162	146395.424
MYCTH_2314846	146467.2128
MYCTH_2137000	146561.4252
MYCTH_2299739	147078.3879
MYCTH_2311479	147080.8825
MYCTH_2298045	147352.793
MYCTH_84590	147594.2141
MYCTH_2298160	147604.4697
MYCTH_2293966	147879.7618
MYCTH_2308558	147942.6255
MYCTH_2302808	147979.2129
MYCTH_2304734	148635.9836
MYCTH_2297230	148689.0629
MYCTH_2301184	148893.8967
MYCTH_2297787	149177.1715
MYCTH_2140326	149436.3319
MYCTH_2302098	149692.9977
MYCTH_111388	149702.1446
MYCTH_2300271	149789.7325
MYCTH_2315007	149982.0933
MYCTH_2294705	150047.7842
MYCTH_2304982	150125.9481
MYCTH_2076744	151142.0787
MYCTH_2086920	151285.9335
MYCTH_2306615	152206.1609
MYCTH_79619	152528.9611
MYCTH_2296399	152720.324
MYCTH_98253	153507.7005
MYCTH_2307682	153816.5865
MYCTH_2301769	153878.092
MYCTH_2297179	154235.0959
MYCTH_2295624	154252.5858
MYCTH_80916	154373.6844
MYCTH_2302666	154583.7845
MYCTH_2299830	155438.5981
MYCTH_2305681	156165.5777
MYCTH_2132318	156394.5813
MYCTH_2301791	156950.0438
MYCTH_2312964	157116.35
MYCTH_2314688	157288.4768
MYCTH_2316483	157316.5271
MYCTH_2091001	157361.3743
MYCTH_78277	157879.3903
MYCTH_2295802	158563.4906
MYCTH_2123512	158643.2899
MYCTH_2310137	158908.5759
MYCTH_2299316	159049.1046
MYCTH_2294478	159099.1628
MYCTH_2307068	159311.0368
MYCTH_2302578	159674.4712
MYCTH_2299207	159772.1206
MYCTH_2301172	160326.0587
MYCTH_2304865	160428.3369
MYCTH_2302775	160593.7561
MYCTH_2297847	160822.2053
MYCTH_2294430	160863.5047
MYCTH_2311243	161051.2089
MYCTH_2296197	161168.1221
MYCTH_2303666	161250.7209
MYCTH_2088202	161962.5112
MYCTH_2307676	161980.6386
MYCTH_2297307	162005.4736
MYCTH_107976	162031.3065
MYCTH_2301055	162821.2053
MYCTH_2300236	162831.0451
MYCTH_2294220	163130.7565
MYCTH_2110837	163139.2104
MYCTH_2081554	163445.1305
MYCTH_2297324	163452.8915
MYCTH_2311253	163878.358
MYCTH_2304243	163999.6784
MYCTH_2133058	164142.7848
MYCTH_62074	164710.7203
MYCTH_2302201	164772.5308
MYCTH_2311411	165375.3906
MYCTH_2296757	165528.1705
MYCTH_2303597	165555.2784
MYCTH_2305718	165688.5451
MYCTH_2315910	166194.7255
MYCTH_2303763	166205.5354
MYCTH_112916	166428.1639
MYCTH_60517	167354.7109
MYCTH_2311055	167501.6147
MYCTH_2308118	167522.2367
MYCTH_2295747	167532.6585
MYCTH_2090554	167726.4052
MYCTH_2312046	167999.9511
MYCTH_79031	168054.3055
MYCTH_2295168	168077.9487
MYCTH_2296713	168630.778
MYCTH_2296116	169464.5816
MYCTH_2086777	169498.3972
MYCTH_2126562	169591.5287
MYCTH_2298562	169793.6738
MYCTH_2310754	172077.3899
MYCTH_2302225	172119.8811
MYCTH_2066697	172251.0135
MYCTH_76096	173053.7455
MYCTH_2302089	173317.8952
MYCTH_110298	173502.2178
MYCTH_2025277	173906.5358
MYCTH_2295601	173968.8729
MYCTH_2307780	173980.2648
MYCTH_2034994	174158.8499
MYCTH_99040	174846.221
MYCTH_2296293	175290.3138
MYCTH_2142209	175576.0001
MYCTH_2299360	175946.8905
MYCTH_2298570	176603.2732
MYCTH_2301088	177870.2488
MYCTH_2310453	178397.7165
MYCTH_2300695	178738.9213
MYCTH_2303583	178779.0565
MYCTH_2074790	178885.8251
MYCTH_70818	179279.4163
MYCTH_2075565	179324.1804
MYCTH_88392	180867.64
MYCTH_2312133	180915.8134
MYCTH_2302376	181843.2196
MYCTH_2296360	182652.3822
MYCTH_2302160	182927.3417
MYCTH_2081074	183310.8437
MYCTH_2307323	183401.0925
MYCTH_2311092	183431.4434
MYCTH_2313703	183540.7342
MYCTH_2301760	183552.7637
MYCTH_2294749	183559.8594
MYCTH_2302420	183904.9447
MYCTH_98562	184685.5303
MYCTH_2095534	184858.1561
MYCTH_79137	185502.3153
MYCTH_2302496	186258.4539
MYCTH_2308806	186503.4783
MYCTH_2311550	186646.5016
MYCTH_2296875	186698.6109
MYCTH_2298688	186703.6555
MYCTH_2312310	186724.3883
MYCTH_2090056	186805.324
MYCTH_83051	186806.7099
MYCTH_2306567	187151.6011
MYCTH_2314411	187421.7654
MYCTH_2302711	187554.0065
MYCTH_2310546	188330.2405
MYCTH_2301039	188575.7361
MYCTH_2296656	188580.6144
MYCTH_2297042	188589.1515
MYCTH_2297985	188606.1424
MYCTH_2309273	188710.056
MYCTH_2127482	188757.3424
MYCTH_2306503	189084.2726
MYCTH_50343	189243.8156
MYCTH_2294422	189559.2152
MYCTH_2312051	189904.8549
MYCTH_57908	189939.9177
MYCTH_2302649	189996.0738
MYCTH_76367	191428.0806
MYCTH_2303662	192615.2293
MYCTH_2294104	193290.9867
MYCTH_2305048	193749.1601
MYCTH_2306843	193882.7594
MYCTH_2081821	194715.9532
MYCTH_2295922	194750.046
MYCTH_2312705	195312.1885
MYCTH_2299571	195753.7036
MYCTH_2298666	196353.9025
MYCTH_2293986	196903.4334
MYCTH_2297462	197195.3007
MYCTH_2311089	198396.5855
MYCTH_2295675	199423.526
MYCTH_2031920	199557.6796
MYCTH_2309042	200320.7754
MYCTH_2134806	200459.5024
MYCTH_2062179	201045.1495
MYCTH_2308787	201162.2568
MYCTH_2055144	201209.1274
MYCTH_2296781	201696.6539
MYCTH_2298795	202242.9696
MYCTH_2086957	202374.102
MYCTH_2303910	202605.9882
MYCTH_2299402	203066.6285
MYCTH_2067725	203330.5564
MYCTH_2309058	203438.7108
MYCTH_2296912	203799.5952
MYCTH_2301005	203945.6674
MYCTH_2308135	204000.687
MYCTH_2303668	204687.3928
MYCTH_2295289	205465.1513
MYCTH_2307629	205500.5467
MYCTH_2304566	205552.7392
MYCTH_2305576	205905.5299
MYCTH_2293959	206112.7751
MYCTH_2315189	206446.9119
MYCTH_2310521	206609.8919
MYCTH_2311451	206748.4804
MYCTH_2309073	206945.47
MYCTH_2106437	207376.8405
MYCTH_2314668	207634.8922
MYCTH_2310464	207689.7732
MYCTH_2308241	208144.0939
MYCTH_2086470	208479.4502
MYCTH_78977	208869.9925
MYCTH_2305285	209781.9046
MYCTH_2304142	210071.0555
MYCTH_2122159	211412.7858
MYCTH_2309360	211508.8276
MYCTH_2308801	211563.5424
MYCTH_2310645	211735.6415
MYCTH_2124177	211974.6512
MYCTH_2308395	212021.3278
MYCTH_111331	212065.094
MYCTH_2297423	212369.4897
MYCTH_35909	212551.1792
MYCTH_2302065	212980.4985
MYCTH_2305509	214510.7922
MYCTH_2125279	214579.5598
MYCTH_2307294	214943.4931
MYCTH_2295050	215107.7759
MYCTH_2303579	215110.3536
MYCTH_2314123	215521.6842
MYCTH_2114610	215729.0125
MYCTH_2298093	215729.1511
MYCTH_2088290	217147.3545
MYCTH_2144292	217313.5498
MYCTH_2303002	218028.195
MYCTH_2297389	218352.0763
MYCTH_112700	218498.8415
MYCTH_2299735	218742.1196
MYCTH_2313362	219752.4295
MYCTH_2314920	220366.7367
MYCTH_2309766	220757.3899
MYCTH_2133586	221874.4128
MYCTH_110670	223147.0152
MYCTH_2300304	224810.9914
MYCTH_2296269	225363.7653
MYCTH_2302387	225633.3753
MYCTH_2301550	225676.7812
MYCTH_107723	226239.09
MYCTH_112363	227248.1249
MYCTH_79116	227429.2046
MYCTH_2310551	227718.3001
MYCTH_81347	227911.7696
MYCTH_2304176	228259.6266
MYCTH_2084256	228537.1639
MYCTH_2301663	228866.0897
MYCTH_2306244	230220.0158
MYCTH_109978	230868.6929
MYCTH_2298881	231562.8825
MYCTH_2294281	231774.7843
MYCTH_2301430	232450.5416
MYCTH_2308351	233681.1794
MYCTH_2304603	234185.1148
MYCTH_2302555	234434.0196
MYCTH_90655	235401.3671
MYCTH_2082283	236247.117
MYCTH_2299276	236439.3115
MYCTH_2301194	236983.4098
MYCTH_2090388	237466.0857
MYCTH_2308826	237821.3987
MYCTH_2298566	238461.9546
MYCTH_56853	238530.5282
MYCTH_2304032	239076.2064
MYCTH_2307426	239266.7932
MYCTH_2315100	239728.7612
MYCTH_2135496	240421.0411
MYCTH_2301500	242032.1596
MYCTH_2297552	242094.6353
MYCTH_2308301	242190.2613
MYCTH_2136712	242871.5622
MYCTH_2055104	243389.883
MYCTH_2301266	243425.6666
MYCTH_2313125	243931.7639
MYCTH_109620	244766.6762
MYCTH_2298622	245044.7955
MYCTH_2296256	247001.0548
MYCTH_2295915	247246.5227
MYCTH_2316492	247748.2406
MYCTH_100127	248259.7152
MYCTH_2304617	248935.3616
MYCTH_2313562	249070.624
MYCTH_75197	250216.4733
MYCTH_2314691	250383.8882
MYCTH_2296287	251469.9228
MYCTH_2296847	251893.1165
MYCTH_2315519	251966.0972
MYCTH_2298745	251972.7772
MYCTH_2115074	252672.2608
MYCTH_2304848	253558.9221
MYCTH_2062826	253594.9828
MYCTH_2127855	253809.7949
MYCTH_2310900	253866.8933
MYCTH_2298309	254115.7428
MYCTH_2311368	254827.0342
MYCTH_2310064	256851.5344
MYCTH_2309838	256852.6431
MYCTH_140260	256933.9114
MYCTH_2301009	257295.0452
MYCTH_2307444	258560.4687
MYCTH_2308335	260905.524
MYCTH_2301334	260949.5951
MYCTH_2304655	261619.7812
MYCTH_2304268	261789.4412
MYCTH_2310508	261991.5032
MYCTH_2311488	262138.6564
MYCTH_2301053	262942.22
MYCTH_2303370	263470.7964
MYCTH_2308457	265120.8028
MYCTH_2308306	265282.0921
MYCTH_2295642	265468.0778
MYCTH_2311703	266205.2298
MYCTH_2299879	266922.7577
MYCTH_2296798	268344.6753
MYCTH_2309802	268943.3774
MYCTH_2304598	269129.3631
MYCTH_2296513	271533.5957
MYCTH_2303449	271632.5479
MYCTH_2311557	271682.5506
MYCTH_2054219	272030.0196
MYCTH_2301453	272043.0469
MYCTH_2304079	272125.8396
MYCTH_2315190	272756.2231
MYCTH_2294250	274268.5835
MYCTH_2308717	274932.6163
MYCTH_53288	275945.9751
MYCTH_2299217	276221.4889
MYCTH_2301882	276398.4941
MYCTH_41800	276676.3363
MYCTH_2081200	276930.7847
MYCTH_2314839	277158.0697
MYCTH_2295862	277652.5534
MYCTH_2312869	278878.5069
MYCTH_2294947	280347.0733
MYCTH_2305611	280584.2536
MYCTH_2298909	282742.0759
MYCTH_2312159	283586.2182
MYCTH_2296370	283652.2418
MYCTH_2307775	284660.4174
MYCTH_2308165	285019.0843
MYCTH_2310800	285057.0575
MYCTH_2316610	288397.0394
MYCTH_2140530	289240.9877
MYCTH_2298945	290059.796
MYCTH_2304053	290667.9499
MYCTH_2300442	290905.7677
MYCTH_2092688	291108.8275
MYCTH_2315552	292812.4677
MYCTH_2301840	293288.3805
MYCTH_2306141	294206.6122
MYCTH_2297802	294841.4027
MYCTH_2315211	295348.3593
MYCTH_2295750	296586.7304
MYCTH_2302797	296740.0646
MYCTH_2296570	297302.7338
MYCTH_102652	297313.8208
MYCTH_2311420	297762.8475
MYCTH_2295280	298047.9516
MYCTH_2088125	298519.5404
MYCTH_2295204	299475.884
MYCTH_2296066	299494.1499
MYCTH_2311348	299873.5497
MYCTH_2309698	300370.6942
MYCTH_2294835	301868.392
MYCTH_2305009	302048.0026
MYCTH_2300189	303882.9138
MYCTH_66289	306307.1031
MYCTH_2296164	306993.116
MYCTH_2141088	307059.5553
MYCTH_114796	307408.8814
MYCTH_2306439	308659.5036
MYCTH_2302024	309432.3837
MYCTH_2296784	309797.1486
MYCTH_2298199	311106.4215
MYCTH_2301226	311768.7357
MYCTH_109533	315226.3237
MYCTH_2298271	316136.351
MYCTH_2300729	316167.672
MYCTH_2311953	316264.1573
MYCTH_2310036	316894.9565
MYCTH_2073591	317024.7584
MYCTH_2076503	317156.0571
MYCTH_2314890	318071.5448
MYCTH_2298783	318080.4699
MYCTH_2297460	318286.1074
MYCTH_2141012	318601.0358
MYCTH_2295355	319432.2617
MYCTH_2295827	319839.8781
MYCTH_2302782	320752.1782
MYCTH_2301203	321509.1484
MYCTH_2094326	322549.0053
MYCTH_2295173	323269.2772
MYCTH_2309470	323403.0982
MYCTH_2300478	323547.3688
MYCTH_2303024	324010.67
MYCTH_2311000	324154.8297
MYCTH_2314506	324564.9962
MYCTH_2299177	324583.6224
MYCTH_2300398	324774.8468
MYCTH_2297718	325860.5488
MYCTH_2296698	325904.8971
MYCTH_2294791	325929.843
MYCTH_2313329	326585.5327
MYCTH_2309800	327130.5734
MYCTH_2305258	328012.5781
MYCTH_2301648	328451.7649
MYCTH_2304529	330911.2666
MYCTH_68509	331114.6313
MYCTH_2309890	331846.6832
MYCTH_2310099	332965.3416
MYCTH_61543	335222.5318
MYCTH_86143	336900.5054
MYCTH_2297273	336919.5752
MYCTH_2302150	338344.32
MYCTH_2295069	339088.1797
MYCTH_2029952	339666.4539
MYCTH_71063	339799.4988
MYCTH_2089163	343257.0591
MYCTH_2295666	343637.623
MYCTH_2312201	348817.4498
MYCTH_2296465	351950.9349
MYCTH_2076770	352497.2506
MYCTH_2311342	352539.6864
MYCTH_110817	352696.4576
MYCTH_2303804	354892.3363
MYCTH_2080506	356600.051
MYCTH_2296265	356899.4575
MYCTH_2314882	357025.379
MYCTH_2301968	358240.5503
MYCTH_2304704	358249.7803
MYCTH_2309854	358273.8947
MYCTH_2307127	358778.3844
MYCTH_2300802	360999.0427
MYCTH_2314155	361599.3802
MYCTH_2066239	363178.2631
MYCTH_79885	363946.7915
MYCTH_2301561	365167.6727
MYCTH_2306733	367223.9097
MYCTH_2300761	367438.4723
MYCTH_2295056	369016.9949
MYCTH_2301978	369346.6414
MYCTH_2295939	369369.7302
MYCTH_2298190	370125.564
MYCTH_2312551	370922.0318
MYCTH_2071423	371615.4453
MYCTH_2304302	372135.5124
MYCTH_2303011	372499.7229
MYCTH_2119434	373763.9268
MYCTH_2304670	373998.3353
MYCTH_2306357	374332.971
MYCTH_2314662	374805.5576
MYCTH_2299719	375539.7161
MYCTH_2299427	375856.6125
MYCTH_2301089	376183.3209
MYCTH_2145069	376813.5658
MYCTH_2305668	377309.0473
MYCTH_2312913	377617.9055
MYCTH_74969	377986.4122
MYCTH_2305118	379296.9324
MYCTH_112014	382428.2
MYCTH_2297977	383083.9175
MYCTH_2294210	383319.3793
MYCTH_2310644	386889.9446
MYCTH_2131805	387603.9246
MYCTH_2311494	389197.6919
MYCTH_2294755	389209.0284
MYCTH_2313667	389614.0116
MYCTH_2296073	389708.8061
MYCTH_2303482	390191.8701
MYCTH_80104	391822.2801
MYCTH_2296151	392187.0172
MYCTH_2295833	394044.9341
MYCTH_2308649	394275.573
MYCTH_2310881	396200.9271
MYCTH_109377	396242.3096
MYCTH_2316331	396559.5108
MYCTH_2313591	396698.3765
MYCTH_2074210	397388.2421
MYCTH_2307409	399231.4963
MYCTH_2302623	399769.8293
MYCTH_2312856	400229.749
MYCTH_2304728	401172.8712
MYCTH_2313107	401278.725
MYCTH_2302119	401731.9093
MYCTH_2039818	402191.4686
MYCTH_2308582	402857.7465
MYCTH_2075999	402963.1569
MYCTH_67060	403517.7602
MYCTH_2295870	405188.1114
MYCTH_2312287	409132.6439
MYCTH_2302176	410297.8125
MYCTH_2312538	411264.855
MYCTH_2296480	412289.9384
MYCTH_76403	413079.9204
MYCTH_2299023	414228.3198
MYCTH_2306020	415604.3369
MYCTH_2096708	418937.6665
MYCTH_2306994	420841.8719
MYCTH_2296345	421555.8242
MYCTH_2295392	422430.4005
MYCTH_2033463	424401.1007
MYCTH_73461	424952.1284
MYCTH_2294664	425164.5014
MYCTH_2300844	425516.7378
MYCTH_2298479	427609.1741
MYCTH_2307628	428138.0831
MYCTH_2302354	430928.5894
MYCTH_2306895	432234.8688
MYCTH_2061176	432527.5122
MYCTH_2310989	434267.1022
MYCTH_2073197	437129.3419
MYCTH_2314244	437691.4845
MYCTH_2303016	438470.8782
MYCTH_2311879	438813.7461
MYCTH_2309166	439105.059
MYCTH_2302986	439207.559
MYCTH_2299676	439707.0873
MYCTH_2308003	442340.9609
MYCTH_2304164	445340.6804
MYCTH_2313783	446145.9071
MYCTH_2306123	450967.9539
MYCTH_2302899	455206.8482
MYCTH_2299157	457491.867
MYCTH_94504	457958.3558
MYCTH_2313014	458158.0895
MYCTH_2305086	458209.4781
MYCTH_113985	460221.7825
MYCTH_2304102	460281.2369
MYCTH_2295490	462549.7914
MYCTH_2299551	465905.1566
MYCTH_115096	467608.2702
MYCTH_2310250	470331.2562
MYCTH_2301594	472192.0835
MYCTH_2299037	472462.1924
MYCTH_2314458	474455.0944
MYCTH_2296978	478358.0226
MYCTH_2302646	479978.4543
MYCTH_2310196	480492.8392
MYCTH_2058974	480736.644
MYCTH_2314646	481239.5815
MYCTH_2314933	485528.3123
MYCTH_2094697	490325.9675
MYCTH_2303193	490567.1115
MYCTH_2307107	492383.5072
MYCTH_2314075	492436.3926
MYCTH_2144800	493065.307
MYCTH_2306260	494398.8052
MYCTH_2296769	499302.0926
MYCTH_80581	501803.3093
MYCTH_2299583	506663.5789
MYCTH_2313931	507123.748
MYCTH_2312932	507658.3946
MYCTH_2310901	508265.6892
MYCTH_2294077	508456.8581
MYCTH_2315969	511202.1846
MYCTH_106768	511329.0485
MYCTH_2301159	511939.1426
MYCTH_2316574	513091.3393
MYCTH_2311062	515163.514
MYCTH_2087474	515883.4533
MYCTH_76670	516864.2715
MYCTH_2311647	518135.1277
MYCTH_2300575	519228.2303
MYCTH_2296246	523414.7936
MYCTH_2314176	524246.1304
MYCTH_2309873	524287.6237
MYCTH_2314855	525687.3117
MYCTH_2297256	527947.0409
MYCTH_83048	530065.9309
MYCTH_2304883	531118.0945
MYCTH_2295155	531497.0785
MYCTH_2095610	532436.9023
MYCTH_2138041	532583.5843
MYCTH_111934	534065.2058
MYCTH_2296128	536380.8249
MYCTH_2301066	537198.4968
MYCTH_2295825	538628.4803
MYCTH_2306101	539749.356
MYCTH_2302556	540605.1952
MYCTH_2085895	543404.2386
MYCTH_2300457	544783.6649
MYCTH_2300637	550442.8692
MYCTH_2316726	550880.5316
MYCTH_108781	551058.202
MYCTH_2313029	552019.6733
MYCTH_66338	552859.2144
MYCTH_2301102	553892.8903
MYCTH_2304758	553982.4462
MYCTH_2311419	554153.5752
MYCTH_112442	554520.1417
MYCTH_2296210	554829.2217
MYCTH_2299521	556123.0835
MYCTH_2314800	557619.2568
MYCTH_110187	561515.117
MYCTH_2315114	564934.5377
MYCTH_2298121	566489.1122
MYCTH_80312	566841.4872
MYCTH_2306029	566966.5772
MYCTH_2310072	567929.4898
MYCTH_2305407	572032.4565
MYCTH_2294860	573685.9277
MYCTH_77465	574617.7134
MYCTH_2316706	576392.7266
MYCTH_112850	577531.3694
MYCTH_41366	579197.3413
MYCTH_2307328	583682.8953
MYCTH_2309018	584184.1698
MYCTH_2145431	584749.4167
MYCTH_2313632	586972.0152
MYCTH_2310824	593074.37
MYCTH_2311083	594227.4814
MYCTH_110022	595784.301
MYCTH_2294734	596097.2337
MYCTH_2313485	596485.8357
MYCTH_2306314	596783.4683
MYCTH_44554	602748.6482
MYCTH_2313212	604151.0803
MYCTH_2115071	606648.5274
MYCTH_2305470	607006.9172
MYCTH_2314785	608400.0084
MYCTH_2302217	610562.1269
MYCTH_2295068	611410.2883
MYCTH_2084627	612384.4266
MYCTH_2297565	612829.9608
MYCTH_2308893	612889.2489
MYCTH_2297052	614221.0008
MYCTH_2316262	614869.5948
MYCTH_2305783	617557.5457
MYCTH_2309630	620184.4622
MYCTH_54709	623562.1679
MYCTH_2294490	626462.5194
MYCTH_2297201	632695.868
MYCTH_2308929	633495.3571
MYCTH_2308426	634098.2723
MYCTH_107891	635119.5584
MYCTH_76680	637088.346
MYCTH_2312474	638470.3778
MYCTH_2315892	639236.4394
MYCTH_2310610	643082.0197
MYCTH_2299099	647951.4915
MYCTH_2299125	648946.0023
MYCTH_2299088	649174.6732
MYCTH_2309321	649641.9935
MYCTH_2310869	652565.9328
MYCTH_2306279	655301.6967
MYCTH_2310492	657000.1537
MYCTH_2295097	660077.4827
MYCTH_2309624	660277.2996
MYCTH_2296300	664431.5995
MYCTH_2308798	666119.8841
MYCTH_2306862	667931.2352
MYCTH_74373	668885.5277
MYCTH_2296723	669496.1761
MYCTH_2302478	669672.0116
MYCTH_2050660	669751.1789
MYCTH_2303561	670934.558
MYCTH_2306594	681579.981
MYCTH_2307131	686140.9827
MYCTH_2307154	687050.3447
MYCTH_2306475	687364.5802
MYCTH_2307978	691049.7304
MYCTH_2294811	692071.6817
MYCTH_2087998	693906.8701
MYCTH_2301810	695806.3635
MYCTH_2312251	697058.0945
MYCTH_2091486	706884.0162
MYCTH_2138981	708706.4544
MYCTH_99103	709926.0883
MYCTH_2309275	710824.8345
MYCTH_2096434	711193.8401
MYCTH_2303826	711416.0251
MYCTH_2095260	712488.7552
MYCTH_2313342	721615.9694
MYCTH_2297085	723408.4725
MYCTH_74236	725464.072
MYCTH_78483	725479.8156
MYCTH_2298263	725764.9475
MYCTH_2117465	734443.9943
MYCTH_83864	735787.8035
MYCTH_2312374	736946.6247
MYCTH_2294943	740450.4181
MYCTH_2074408	740465.2471
MYCTH_2307636	750187.2829
MYCTH_98099	754242.4089
MYCTH_2303832	759203.7095
MYCTH_95158	759978.3635
MYCTH_2315557	762500.3963
MYCTH_2316564	765095.6038
MYCTH_2133332	766421.8953
MYCTH_2306813	767277.7622
MYCTH_2307549	770731.7192
MYCTH_2309971	774776.1185
MYCTH_2089267	776266.6651
MYCTH_89563	777223.2581
MYCTH_2306830	779566.0128
MYCTH_2295433	781689.9087
MYCTH_2311378	783892.5782
MYCTH_64380	787091.5324
MYCTH_2295737	787547.045
MYCTH_2304184	788846.3118
MYCTH_2312199	790264.7647
MYCTH_97365	797483.4494
MYCTH_2294727	809057.4983
MYCTH_2310909	809397.1232
MYCTH_2311637	811455.6607
MYCTH_2301817	815487.5593
MYCTH_2310435	820119.6568
MYCTH_2315082	821235.8482
MYCTH_39555	823171.6518
MYCTH_112471	825004.2347
MYCTH_108115	827205.4075
MYCTH_2301859	827753.7189
MYCTH_2306855	829972.1598
MYCTH_2303813	831454.9454
MYCTH_60294	832207.3422
MYCTH_2301702	837720.6682
MYCTH_2310672	838637.7081
MYCTH_2313535	840209.4398
MYCTH_2296974	840353.2946
MYCTH_2295242	840579.7481
MYCTH_2297503	841338.52
MYCTH_2301210	842147.8211
MYCTH_2312968	845134.9013
MYCTH_2307368	845452.0472
MYCTH_45669	851543.4811
MYCTH_2308377	852901.648
MYCTH_109530	853479.7282
MYCTH_2296573	855068.6172
MYCTH_110651	858597.0793
MYCTH_2312501	866331.7567
MYCTH_2311518	868130.1082
MYCTH_2302815	868977.1054
MYCTH_2301014	871711.2894
MYCTH_2300157	877028.402
MYCTH_2312943	877267.273
MYCTH_109870	878920.2453
MYCTH_2294574	879002.844
MYCTH_84992	881685.9166
MYCTH_2300482	882333.1247
MYCTH_2316652	884698.9405
MYCTH_2315937	885156.2547
MYCTH_2090568	886704.0661
MYCTH_2301478	888135.5463
MYCTH_2299259	888926.7478
MYCTH_2079097	889262.5476
MYCTH_2307003	889492.2719
MYCTH_2302907	897078.3824
MYCTH_2096092	901697.5357
MYCTH_2299794	903888.2035
MYCTH_2075498	905076.3223
MYCTH_2307420	905229.0468
MYCTH_2301401	909832.3733
MYCTH_2302383	914716.2306
MYCTH_2067689	916849.107
MYCTH_2063277	918950.6347
MYCTH_2304802	919383.9952
MYCTH_2306107	919759.7695
MYCTH_2307074	920400.8797
MYCTH_2122605	922362.8766
MYCTH_2313759	922605.9053
MYCTH_2294243	923022.1419
MYCTH_2301275	929508.3589
MYCTH_113600	934906.6566
MYCTH_2304900	936400.5847
MYCTH_2306712	937874.9913
MYCTH_2296221	941020.0707
MYCTH_2314529	947324.1825
MYCTH_2314544	948993.6191
MYCTH_2309077	949150.7784
MYCTH_2304479	950026.9069
MYCTH_39983	951111.8051
MYCTH_2298614	951535.276
MYCTH_39101	953055.6745
MYCTH_2094933	954338.4493
MYCTH_2311543	956832.9584
MYCTH_2305886	957354.938
MYCTH_2086248	958692.0671
MYCTH_111030	959244.453
MYCTH_2313899	962119.0548
MYCTH_2314976	962984.124
MYCTH_2298906	966797.33
MYCTH_2306421	968559.011
MYCTH_2307475	970096.9549
MYCTH_74056	973782.6595
MYCTH_2303359	973860.2691
MYCTH_2310671	974732.9883
MYCTH_2303499	978774.7267
MYCTH_2303620	979258.4281
MYCTH_2312102	981129.2337
MYCTH_2301710	984245.811
MYCTH_2298984	984975.895
MYCTH_2091473	985852.6056
MYCTH_2304288	996052.6884
MYCTH_2299597	1000918.141
MYCTH_2311912	1002982.416
MYCTH_2315322	1004902.975
MYCTH_2297020	1008531.221
MYCTH_2075489	1008872.426
MYCTH_2310300	1012056.967
MYCTH_2310786	1012134.521
MYCTH_2304244	1015544.324
MYCTH_2312284	1015624.455
MYCTH_112889	1016011.672
MYCTH_2306158	1020164.503
MYCTH_77206	1020778.228
MYCTH_2309547	1022060.171
MYCTH_2079774	1022997.639
MYCTH_112699	1023423.272
MYCTH_2297004	1025060.944
MYCTH_2088191	1026858.048
MYCTH_2295290	1027800.394
MYCTH_2315436	1031658.475
MYCTH_2297779	1039771
MYCTH_2304021	1045179.747
MYCTH_2295414	1047129.215
MYCTH_2310132	1054769.375
MYCTH_2080102	1059120.998
MYCTH_2299195	1060096.938
MYCTH_2072388	1063542.524
MYCTH_2306309	1072262.51
MYCTH_2299636	1072508.92
MYCTH_2315847	1074148.976
MYCTH_2133968	1079687.525
MYCTH_2305340	1082579.866
MYCTH_2312523	1092423.278
MYCTH_2304122	1098797.488
MYCTH_2309724	1117539.636
MYCTH_2302731	1127570.946
MYCTH_71631	1128132.229
MYCTH_2142599	1129582.696
MYCTH_2299876	1131274.584
MYCTH_110532	1132365.275
MYCTH_70349	1133204.373
MYCTH_2074905	1139546.015
MYCTH_2315024	1140476.581
MYCTH_2300192	1142828.427
MYCTH_2314521	1144682.047
MYCTH_2080603	1145637.061
MYCTH_2301585	1149312.593
MYCTH_61858	1151300.339
MYCTH_2087100	1151981.723
MYCTH_2298462	1152965.286
MYCTH_99239	1161541.472
MYCTH_2308449	1161686.158
MYCTH_109542	1168802.482
MYCTH_2310678	1171093.987
MYCTH_112137	1174753.387
MYCTH_2301934	1176245.153
MYCTH_2311001	1184528.031
MYCTH_60238	1191630.69
MYCTH_39133	1193687.342
MYCTH_2307642	1193764.203
MYCTH_2298240	1196089.219
MYCTH_2302228	1198308.159
MYCTH_2296180	1200203.162
MYCTH_2312662	1209926.972
MYCTH_2301316	1210756.701
MYCTH_2302143	1225531.561
MYCTH_2302186	1227390.115
MYCTH_2311587	1233981.133
MYCTH_2294698	1234365.577
MYCTH_2304677	1234437.311
MYCTH_2304586	1243292.587
MYCTH_2311601	1245380.948
MYCTH_2306385	1248693.961
MYCTH_2297338	1254947.183
MYCTH_2295902	1258349.28
MYCTH_2296109	1258737.162
MYCTH_2306866	1270229.748
MYCTH_2311910	1272092.238
MYCTH_2139409	1275095.312
MYCTH_2308927	1278861.037
MYCTH_75296	1285643.557
MYCTH_2295756	1295495.256
MYCTH_2302145	1298181.377
MYCTH_2314727	1302680.208
MYCTH_2313891	1304253.215
MYCTH_2303613	1311174.267
MYCTH_2301503	1311682
MYCTH_2311433	1312662.485
MYCTH_2086520	1312936.863
MYCTH_86146	1319023.973
MYCTH_2297364	1319210.984
MYCTH_2307634	1324500.989
MYCTH_2315630	1324894.026
MYCTH_2295383	1332044.913
MYCTH_2306744	1333725.242
MYCTH_113886	1339329.122
MYCTH_2306112	1340405.677
MYCTH_75107	1341041.244
MYCTH_2060364	1341983.812
MYCTH_2113541	1342643.604
MYCTH_80528	1351189.661
MYCTH_2308737	1356521.741
MYCTH_2298102	1359904.879
MYCTH_2306339	1363144.44
MYCTH_2302498	1375741.577
MYCTH_2305453	1376609.917
MYCTH_2315711	1377450.927
MYCTH_2308969	1378977.756
MYCTH_2307086	1382492.747
MYCTH_2313750	1386390.714
MYCTH_2298487	1390851.322
MYCTH_2296800	1397775.978
MYCTH_2300520	1399172.201
MYCTH_2297063	1404486.93
MYCTH_2300392	1410207.445
MYCTH_2308199	1410593.248
MYCTH_2132657	1420221.875
MYCTH_2315781	1424832.103
MYCTH_2308148	1427661.803
MYCTH_2315077	1428840.747
MYCTH_2295315	1444079.657
MYCTH_2297849	1447666.215
MYCTH_2293957	1448888.648
MYCTH_2082262	1449177.106
MYCTH_2309332	1452404.832
MYCTH_2294427	1463745.692
MYCTH_2307379	1465479.904
MYCTH_2295174	1470933
MYCTH_2295514	1478655.093
MYCTH_2298663	1481121.414
MYCTH_112025	1481822.727
MYCTH_2306943	1488588.338
MYCTH_2299715	1497523.413
MYCTH_2075102	1500445.883
MYCTH_2314609	1500863.949
MYCTH_2310556	1508583.853
MYCTH_2308841	1512620.131
MYCTH_2300903	1515518.653
MYCTH_2312181	1519796.38
MYCTH_2314986	1521191.384
MYCTH_84848	1525142.042
MYCTH_2310174	1528208.783
MYCTH_2301113	1530531.304
MYCTH_2301499	1541177.42
MYCTH_2298586	1563184.685
MYCTH_2298226	1572367.528
MYCTH_2307770	1578880.105
MYCTH_2307146	1582401.638
MYCTH_2297473	1585632.994
MYCTH_2304594	1586548.315
MYCTH_2311970	1590636.758
MYCTH_2300901	1592518.346
MYCTH_2310667	1627090.068
MYCTH_2294062	1629035.268
MYCTH_114376	1629792.571
MYCTH_72333	1632157.666
MYCTH_2299349	1636533.957
MYCTH_43671	1637440.658
MYCTH_2301470	1643278.891
MYCTH_2301567	1650170.008
MYCTH_71369	1654975.147
MYCTH_2296450	1674874.232
MYCTH_108501	1677066.674
MYCTH_2297818	1689257.165
MYCTH_71850	1689672.985
MYCTH_2310505	1690254.444
MYCTH_2316294	1692932.78
MYCTH_2303566	1694625.582
MYCTH_2295253	1703029.309
MYCTH_83025	1704537.152
MYCTH_2302794	1713047.592
MYCTH_110717	1714479.128
MYCTH_112322	1723533.195
MYCTH_2295098	1730590.366
MYCTH_2145409	1731111.572
MYCTH_2301985	1736015.968
MYCTH_2304814	1740013.857
MYCTH_2311723	1745036.026
MYCTH_2300435	1755966.525
MYCTH_2294679	1761472.672
MYCTH_2303755	1774970.301
MYCTH_2308195	1799024.573
MYCTH_2314934	1810976.969
MYCTH_2298064	1832246.638
MYCTH_2302341	1839822.327
MYCTH_2314896	1848581.561
MYCTH_2315051	1857747.802
MYCTH_2307366	1862101.143
MYCTH_2300433	1875477.423
MYCTH_2296153	1876470.604
MYCTH_73070	1906730.867
MYCTH_2135067	1920812.757
MYCTH_65137	1924845.543
MYCTH_2299397	1936583.57
MYCTH_2316558	1972442.058
MYCTH_2298167	1972522.744
MYCTH_2297430	1986761.461
MYCTH_2310488	1997978.756
MYCTH_2312940	2004172.801
MYCTH_2301846	2004426.972
MYCTH_111425	2019701.443
MYCTH_2315602	2021816.303
MYCTH_2302064	2024381.021
MYCTH_2088454	2027595.719
MYCTH_2303522	2030029.527
MYCTH_2307924	2031918.57
MYCTH_110640	2043619.317
MYCTH_2308932	2053549.069
MYCTH_2084531	2058636.291
MYCTH_2088473	2087669.104
MYCTH_76126	2090384.44
MYCTH_85068	2091435.495
MYCTH_2309291	2105605.915
MYCTH_2307982	2119354.861
MYCTH_2302804	2123604.814
MYCTH_2307319	2125026.344
MYCTH_2095112	2150653.678
MYCTH_2304829	2162122.705
MYCTH_108407	2183613.617
MYCTH_2303040	2189155.215
MYCTH_2312147	2190632.956
MYCTH_2297526	2192349.541
MYCTH_2311921	2203927.913
MYCTH_2140896	2235010.533
MYCTH_2062887	2236508.951
MYCTH_2314616	2241515.681
MYCTH_2312316	2243079.985
MYCTH_59591	2249715.794
MYCTH_2310252	2271621.307
MYCTH_2316445	2273248.752
MYCTH_68011	2325026.232
MYCTH_66068	2336159.569
MYCTH_2295190	2346508.829
MYCTH_2297853	2375228.709
MYCTH_2297873	2379387.527
MYCTH_2295025	2397636.938
MYCTH_2308065	2398667.149
MYCTH_2294148	2416974.075
MYCTH_2298252	2433964.521
MYCTH_2295005	2446361.176
MYCTH_2298018	2447271.646
MYCTH_2312383	2448285.975
MYCTH_105847	2459689.865
MYCTH_2126152	2460880.506
MYCTH_2316731	2483969.177
MYCTH_2313766	2487336.877
MYCTH_2296499	2516331.024
MYCTH_2299262	2539506.174
MYCTH_2307354	2583009.258
MYCTH_110931	2590911.793
MYCTH_2082917	2598615.371
MYCTH_2138853	2598920.543
MYCTH_2064349	2620705.069
MYCTH_2295992	2621919.991
MYCTH_2314274	2640711.616
MYCTH_2310228	2655796.166
MYCTH_2297948	2672824.336
MYCTH_2141429	2691896.075
MYCTH_2304055	2696800.028
MYCTH_2300877	2713483.584
MYCTH_2136940	2715674.834
MYCTH_2296547	2738701.417
MYCTH_2294496	2810350.819
MYCTH_2310232	2839159.035
MYCTH_2298494	2844955.941
MYCTH_2315649	2862660.478
MYCTH_2316112	2883831.806
MYCTH_2295138	2888106.982
MYCTH_110821	2889320.795
MYCTH_2294821	2920945.795
MYCTH_2294321	2947051.148
MYCTH_2298711	2975979.05
MYCTH_2300033	3011174.643
MYCTH_110674	3034537.552
MYCTH_2312390	3076182.054
MYCTH_2312170	3076387.941
MYCTH_2310462	3084745.435
MYCTH_2067613	3088594.646
MYCTH_2295647	3124309.668
MYCTH_2313833	3148093.11
MYCTH_2090577	3160082.121
MYCTH_80427	3168023.406
MYCTH_2305001	3171546.075
MYCTH_2299907	3220855.655
MYCTH_2295261	3246864.052
MYCTH_2295112	3248322.224
MYCTH_2303429	3299160.601
MYCTH_2314126	3341167.622
MYCTH_2295040	3347586.956
MYCTH_112136	3361981.668
MYCTH_2296536	3365743.513
MYCTH_2315941	3394952.694
MYCTH_2298071	3420801.105
MYCTH_2299388	3503352.706
MYCTH_2297548	3530466.984
MYCTH_2304568	3574886.525
MYCTH_2294959	3584144.789
MYCTH_2311591	3613815.746
MYCTH_36979	3634161.973
MYCTH_2142488	3645822.751
MYCTH_2309210	3657167.602
MYCTH_2294840	3672809.056
MYCTH_2315290	3680981.118
MYCTH_2298922	3705767.248
MYCTH_2299664	3707124.999
MYCTH_2297263	3723080.55
MYCTH_2295350	3748890.267
MYCTH_2299213	3759911.625
MYCTH_2295945	3766983.988
MYCTH_2298230	3778392.59
MYCTH_111107	3814914.585
MYCTH_2302975	3828698.011
MYCTH_2303413	3839635.107
MYCTH_2315354	3853899.74
MYCTH_2306966	3898939.382
MYCTH_2309046	3901189.448
MYCTH_2316205	3996587.147
MYCTH_2310867	4001730.386
MYCTH_112612	4003961.438
MYCTH_2313219	4019386.741
MYCTH_2309843	4026675.394
MYCTH_2315625	4151352.066
MYCTH_2145592	4156138.052
MYCTH_2312947	4170347.111
MYCTH_2294878	4184446.38
MYCTH_2316525	4187116.786
MYCTH_66349	4217888.191
MYCTH_2297518	4239185.052
MYCTH_2296428	4276575.248
MYCTH_2312962	4334881.547
MYCTH_2133056	4363047.074
MYCTH_2306723	4438522.016
MYCTH_2122073	4535942.052
MYCTH_2312808	4551748.509
MYCTH_2312253	4653364.173
MYCTH_2084736	4690302.183
MYCTH_2309198	4774300.287
MYCTH_2300549	4917865.79
MYCTH_2305811	4923190.359
MYCTH_2302076	4988741.037
MYCTH_2311966	5074582.728
MYCTH_2306437	5249503.815
MYCTH_2303426	5300734.119
MYCTH_2097501	5511491.216
MYCTH_2141486	5590106.572
MYCTH_2302705	5630341.851
MYCTH_60632	5642819.247
MYCTH_2295083	5746301.586
MYCTH_2312570	5753760.694
MYCTH_2315623	5851951.476
MYCTH_78218	5890453.54
MYCTH_75824	5954698.354
MYCTH_106819	5977620.775
MYCTH_2312789	6055568.467
MYCTH_2296183	6381103.25
MYCTH_2097570	6385034.561
MYCTH_2302271	6560758.047
MYCTH_57224	6587413.237
MYCTH_2298386	6673309.033
MYCTH_2313790	6705014.913
MYCTH_2295976	6934374.433
MYCTH_55576	6939038.101
MYCTH_2304931	6952727.093
MYCTH_59302	6972188.294
MYCTH_2114395	6992193.261
MYCTH_2311048	7056403.788
MYCTH_2315513	7256707.462
MYCTH_2308056	7296023.234
MYCTH_109566	7357988.351
MYCTH_2295692	7372267.979
MYCTH_2119688	7386951.399
MYCTH_2314321	7388397.153
MYCTH_2303180	7779513.464
MYCTH_2312065	8570147.317
MYCTH_2315429	8862047.042
MYCTH_2294895	9193484.667
MYCTH_2306456	9248183.592
MYCTH_2304464	9457187.627
MYCTH_2086391	9541770.076
MYCTH_2315249	9797590.928
MYCTH_2312579	10076407.9
MYCTH_86753	10175639.46
MYCTH_2301051	10265669.01
MYCTH_2297550	10388361.65
MYCTH_2300643	10474262.3
MYCTH_2294621	11021955.66
MYCTH_2296247	11442979.14
MYCTH_2314852	12887653.17
MYCTH_2309261	13276703.54
MYCTH_2309011	13704695.08
MYCTH_2316753	14071974.68
MYCTH_2307651	14318481.44
MYCTH_87219	15005036.55
MYCTH_2296305	15742250.93
MYCTH_2297820	17163987.27
MYCTH_2296005	17662221.9
MYCTH_2301963	18288676.16
MYCTH_2297659	18531781.08
MYCTH_2305043	18949881.31
MYCTH_2315052	19795005.04
MYCTH_2298136	20489188.18
MYCTH_2133483	21514775.56
MYCTH_112227	21683431.06
MYCTH_2303088	22264547.97
MYCTH_2095451	22444986.81
MYCTH_2305575	23697911.63
MYCTH_2297816	25718584.14
MYCTH_112686	25722245.06
MYCTH_2314164	26863255.26
MYCTH_2295989	34019308.5
MYCTH_112121	34050914.21
MYCTH_2088086	36846306.29
MYCTH_2316642	40718799.39
MYCTH_2316240	45602771.13
MYCTH_2311855	73626781.73
