,gene_id,normalized_counts,Mass
0,MYCTH_2307026,809.1542607000001,36686
1,MYCTH_2085453,1186.317208,15619
2,MYCTH_2302249,2442.114354,55057
3,MYCTH_2298894,2535.70314,102775
4,MYCTH_73867,2852.150484,132719
5,MYCTH_2309471,3038.745985,49257
6,MYCTH_2297894,3573.780589,34104
7,MYCTH_2298716,3810.628265,60587
8,MYCTH_2295745,3893.6150350000003,52508
9,MYCTH_2030873,3958.086386,82602
10,MYCTH_2296379,4481.95076,95724
11,MYCTH_2300411,4506.009717,94192
12,MYCTH_2314437,4513.826106,17268
13,MYCTH_2295397,4545.063945,16490
14,MYCTH_2298096,4639.608991,36488
15,MYCTH_2306302,4802.0901,68916
16,MYCTH_2306407,4831.193677,57028
17,MYCTH_2298355,4914.956541,26999
18,MYCTH_2314632,5128.382768,19045
19,MYCTH_2294215,5238.643746,7227
20,MYCTH_2302517,5296.850899,85424
21,MYCTH_2311559,5314.229891,73923
22,MYCTH_2294333,5410.493435,82514
23,MYCTH_2304257,5630.932238,88748
24,MYCTH_2296492,5792.720404,95052
25,MYCTH_2311944,5792.858993,42668
26,MYCTH_2296068,5839.00895,32876
27,MYCTH_2311279,5888.9007950000005,67565
28,MYCTH_2299819,6010.72005,34624
29,MYCTH_2308630,6097.78132,69214
30,MYCTH_2302632,6252.612346,95353
31,MYCTH_2300548,6265.584226,35915
32,MYCTH_2311850,6441.314392,59201
33,MYCTH_2306429,6457.5292420000005,72068
34,MYCTH_2315634,6540.04481,11356
35,MYCTH_2121955,6570.3679649999995,9899
36,MYCTH_2308603,6586.63825,93975
37,MYCTH_2137349,6631.125145,55811
38,MYCTH_2303134,6817.91467,81409
39,MYCTH_2305190,6819.71632,33993
40,MYCTH_2051026,6859.685231999999,103337
41,MYCTH_102965,6930.642523,59376
42,MYCTH_74504,7066.958131,44318
43,MYCTH_2142129,7136.141490000001,73821
44,MYCTH_2294372,7159.479786,63748
45,MYCTH_2299773,7195.5682209999995,51519
46,MYCTH_2301721,7314.782012999999,48345
47,MYCTH_2310279,7331.329475,8499
48,MYCTH_80081,7358.104765000001,49199
49,MYCTH_2307400,7363.204820999999,24705
50,MYCTH_2303524,7454.867227,44313
51,MYCTH_2296135,7455.560170000001,72289
52,MYCTH_2312323,7474.463634999999,10425
53,MYCTH_2307698,7500.656854000001,85233
54,MYCTH_2308696,7623.612534999999,14688
55,MYCTH_2308517,7819.022262,54038
56,MYCTH_2303934,7939.455633,135867
57,MYCTH_2297932,7974.379924,10838
58,MYCTH_2036258,8123.473387999999,17530
59,MYCTH_2307312,8192.767618,30639
60,MYCTH_2303887,8193.599148000001,81226
61,MYCTH_2051745,8197.618214,134218
62,MYCTH_2313559,8274.784268000001,47965
63,MYCTH_2078193,8322.264674,39643
64,MYCTH_2295637,8386.403412,94083
65,MYCTH_2306968,8467.671685,130059
66,MYCTH_2297369,8484.385453,42349
67,MYCTH_84911,8602.490538,66918
68,MYCTH_2304925,8607.673745999999,30901
69,MYCTH_2064467,8691.769223000001,116100
70,MYCTH_66088,8743.767613,135803
71,MYCTH_78119,8883.215320000001,62077
72,MYCTH_2307126,8932.026175,56294
73,MYCTH_83193,8975.376645,31340
74,MYCTH_2139484,9077.544057,186806
75,MYCTH_2294596,9163.025418000001,67420
76,MYCTH_2299008,9174.611414,47030
77,MYCTH_2293963,9417.362958,56876
78,MYCTH_2305979,9484.162595,56706
79,MYCTH_2308623,9516.897189,49333
80,MYCTH_2297348,9608.226984,28051
81,MYCTH_2298626,9665.159123000001,29527
82,MYCTH_2308126,9764.360741,31658
83,MYCTH_2141696,9774.727158,13396
84,MYCTH_2142867,9884.128888,139545
85,MYCTH_2057284,9978.867958,100599
86,MYCTH_2308030,10122.501040000001,89654
87,MYCTH_2111167,10270.76297,21159
88,MYCTH_2303595,10334.29192,66267
89,MYCTH_2307332,10338.421859999999,41026
90,MYCTH_2305597,10406.496509999999,32895
91,MYCTH_2295930,10452.11983,20675
92,MYCTH_2308099,10497.07792,29423
93,MYCTH_2305356,10520.3885,13318
94,MYCTH_2311397,10545.97193,86751
95,MYCTH_2304739,10600.82524,34171
96,MYCTH_2114926,10641.59797,83847
97,MYCTH_2297826,10643.565920000001,15313
98,MYCTH_2302277,10860.78948,41463
99,MYCTH_2134135,10906.32964,16632
100,MYCTH_2299456,10940.17294,28451
101,MYCTH_2139768,10945.49474,31215
102,MYCTH_117145,11170.59012,73812
103,MYCTH_2294366,11194.205590000001,106889
104,MYCTH_2300913,11289.30499,125985
105,MYCTH_2087011,11330.24402,55806
106,MYCTH_2307178,11344.85124,40727
107,MYCTH_2298035,11389.19955,14543
108,MYCTH_2304663,11413.72971,101388
109,MYCTH_2294415,11439.424009999999,63322
110,MYCTH_2308660,11454.80733,125749
111,MYCTH_2302174,11531.36359,20890
112,MYCTH_2311545,11541.97947,38560
113,MYCTH_2296788,11572.940129999999,64304
114,MYCTH_108416,11574.520040000001,265003
115,MYCTH_2308549,11575.76733,140907
116,MYCTH_2304300,11579.841840000001,124079
117,MYCTH_2120854,11755.46113,44352
118,MYCTH_2310192,11798.368120000001,49253
119,MYCTH_109078,11804.96493,61663
120,MYCTH_2302133,11836.03646,109991
121,MYCTH_2298248,11875.31243,46508
122,MYCTH_2296320,11915.36449,61623
123,MYCTH_2313651,11918.46888,25754
124,MYCTH_2303440,11955.49971,31241
125,MYCTH_2305929,12075.21242,126305
126,MYCTH_2294188,12107.08777,67929
127,MYCTH_2304515,12127.46027,60571
128,MYCTH_2311333,12150.632259999998,30011
129,MYCTH_2297442,12167.29059,47370
130,MYCTH_2309418,12203.79479,54057
131,MYCTH_2296918,12271.703140000001,17123
132,MYCTH_2079864,12363.47642,25237
133,MYCTH_2299189,12374.03686,108941
134,MYCTH_2308814,12374.868390000001,48888
135,MYCTH_2309883,12439.339740000001,36559
136,MYCTH_2117190,12456.13666,46403
137,MYCTH_2296889,12461.181279999999,25187
138,MYCTH_2294768,12504.94752,33917
139,MYCTH_2137832,12509.88127,20815
140,MYCTH_112826,12551.54096,65818
141,MYCTH_2308828,12592.17509,48820
142,MYCTH_2299218,12604.48175,7150
143,MYCTH_2297229,12605.00838,48450
144,MYCTH_2145454,12606.976340000001,26398
145,MYCTH_2309828,12619.86507,126642
146,MYCTH_2307450,12663.187820000001,77613
147,MYCTH_2295283,12670.56072,118042
148,MYCTH_2294706,12737.831559999999,156363
149,MYCTH_2302128,12932.18802,210188
150,MYCTH_2312480,12948.31971,291754
151,MYCTH_2302034,13061.103000000001,45048
152,MYCTH_2308666,13213.02367,109132
153,MYCTH_2303752,13291.63104,56973
154,MYCTH_2295952,13292.54573,192864
155,MYCTH_2305025,13432.436919999998,110429
156,MYCTH_2309644,13445.63054,25294
157,MYCTH_2306085,13477.39501,38803
158,MYCTH_2308740,13582.5005,96878
159,MYCTH_98303,13587.90545,102056
160,MYCTH_2091453,13617.701969999998,31525
161,MYCTH_2299137,13669.090569999998,39792
162,MYCTH_2309725,13688.77013,44503
163,MYCTH_2306045,13728.406430000001,45949
164,MYCTH_2314883,13743.65116,49445
165,MYCTH_2294795,13766.9063,66816
166,MYCTH_2306522,13936.98206,62074
167,MYCTH_2049620,13939.17176,110775
168,MYCTH_2313806,13960.126330000001,32248
169,MYCTH_2301729,14025.373780000002,46028
170,MYCTH_2310565,14093.33756,61066
171,MYCTH_2308537,14362.78124,60706
172,MYCTH_2127963,14452.669719999998,54881
173,MYCTH_2307144,14476.75639,64684
174,MYCTH_2299772,14493.91364,42640
175,MYCTH_2306426,14494.57887,33612
176,MYCTH_2307317,14591.4522,143924
177,MYCTH_2315637,14699.994680000002,9963
178,MYCTH_2141513,14773.529719999999,19872
179,MYCTH_46410,14840.88371,44923
180,MYCTH_2304928,15021.381319999999,34941
181,MYCTH_2311300,15074.044930000002,36198
182,MYCTH_2106971,15169.86499,19558
183,MYCTH_2143673,15262.55295,36419
184,MYCTH_2305621,15344.34786,53224
185,MYCTH_110475,15348.25606,47057
186,MYCTH_2302980,15384.344490000001,141712
187,MYCTH_2295812,15497.84844,41932
188,MYCTH_2309909,15527.45093,77133
189,MYCTH_113715,15537.98366,175118
190,MYCTH_2300994,15541.309780000001,34565
191,MYCTH_2305148,15746.642440000001,46789
192,MYCTH_2303512,15758.200719999999,34926
193,MYCTH_2301927,15805.20992,34011
194,MYCTH_75151,15824.446000000002,30639
195,MYCTH_2301271,15825.887319999998,165066
196,MYCTH_2294392,15897.62071,90909
197,MYCTH_2315693,16005.77514,24152
198,MYCTH_113236,16037.5119,33320
199,MYCTH_2306422,16071.74325,110117
200,MYCTH_2300544,16308.757230000001,26699
201,MYCTH_110956,16374.808490000001,68614
202,MYCTH_112805,16405.741430000002,253844
203,MYCTH_2313070,16427.11177,73767
204,MYCTH_2295934,16429.9667,92350
205,MYCTH_2297284,16436.34176,39110
206,MYCTH_2313023,16546.325569999997,6981
207,MYCTH_2076088,16605.53056,20630
208,MYCTH_2303736,16673.96554,50683
209,MYCTH_2296162,16678.816130000003,21192
210,MYCTH_2296676,16696.694040000002,49279
211,MYCTH_2078031,16713.102919999998,33325
212,MYCTH_2302391,16715.37577,41281
213,MYCTH_2306984,16752.57291,54321
214,MYCTH_2308837,16828.685690000002,68291
215,MYCTH_2310999,16829.822119999997,144376
216,MYCTH_53851,16943.90814,16242
217,MYCTH_2305591,16965.19532,29769
218,MYCTH_2299749,17036.651530000003,69130
219,MYCTH_2311356,17104.33814,30991
220,MYCTH_2068493,17106.50012,52101
221,MYCTH_106463,17147.71632,82436
222,MYCTH_2310059,17174.186719999998,121803
223,MYCTH_2296621,17205.036509999998,41845
224,MYCTH_2298931,17219.31112,44777
225,MYCTH_101105,17282.56289,89430
226,MYCTH_2295089,17287.21947,18748
227,MYCTH_2307336,17419.710030000002,17150
228,MYCTH_2300674,17453.83051,56927
229,MYCTH_2305317,17463.5317,109261
230,MYCTH_2295038,17529.998730000003,51710
231,MYCTH_2079868,17736.77271,38549
232,MYCTH_116237,17824.36062,40987
233,MYCTH_2307949,17853.21473,28901
234,MYCTH_2086729,17871.89646,46355
235,MYCTH_2312852,17919.48773,41367
236,MYCTH_2300213,17977.14053,45477
237,MYCTH_2300093,18188.18304,84250
238,MYCTH_62866,18252.737540000002,42557
239,MYCTH_2310272,18326.965519999998,41941
240,MYCTH_2312770,18341.73905,39696
241,MYCTH_52160,18345.95214,44138
242,MYCTH_2302697,18450.33697,21510
243,MYCTH_112411,18452.138619999998,30582
244,MYCTH_2310503,18504.55277,170018
245,MYCTH_2296228,18570.52088,28704
246,MYCTH_2294817,18677.78835,108485
247,MYCTH_2296103,18691.48089,40127
248,MYCTH_2299985,18750.51957,6930
249,MYCTH_2312196,18762.99253,67445
250,MYCTH_2296462,18767.92628,10480
251,MYCTH_113457,18827.63019,106131
252,MYCTH_2118030,18859.53325,72260
253,MYCTH_2294310,18907.42942,69529
254,MYCTH_2294816,18952.49839,13641
255,MYCTH_2302738,19015.88875,71469
256,MYCTH_2301508,19050.64674,77977
257,MYCTH_2307364,19092.91622,129040
258,MYCTH_2311976,19119.74694,268085
259,MYCTH_2123684,19144.55427,293375
260,MYCTH_2308188,19192.92165,92405
261,MYCTH_2302897,19209.74629,59952
262,MYCTH_2298631,19213.90394,41418
263,MYCTH_2299031,19235.41287,91862
264,MYCTH_2300408,19269.1453,27050
265,MYCTH_2304462,19408.62072,18275
266,MYCTH_2132225,19508.26583,34198
267,MYCTH_2297068,19524.28665,213474
268,MYCTH_2298981,19658.27397,31793
269,MYCTH_2316024,19780.037790000002,20220
270,MYCTH_2305556,19832.61826,57449
271,MYCTH_2304273,19907.81635,28789
272,MYCTH_2118610,19977.63722,152641
273,MYCTH_2310832,19985.34274,33402
274,MYCTH_2308951,20012.92184,9661
275,MYCTH_2311660,20127.92254,122162
276,MYCTH_74772,20197.24449,52373
277,MYCTH_2312563,20205.31034,79766
278,MYCTH_2300655,20214.18,86745
279,MYCTH_2074876,20277.81982,17760
280,MYCTH_2301456,20333.338359999998,121847
281,MYCTH_76163,20400.74778,63142
282,MYCTH_2296852,20425.721419999998,120110
283,MYCTH_2306706,20514.27945,44218
284,MYCTH_2297332,20521.48605,93138
285,MYCTH_2296599,20595.0488,77178
286,MYCTH_66022,20621.32518,56929
287,MYCTH_2313324,20643.94281,9512
288,MYCTH_2306297,20673.40672,154868
289,MYCTH_2298505,20695.414569999997,32781
290,MYCTH_2295039,20702.42714,11212
291,MYCTH_2314496,20758.88808,29661
292,MYCTH_2294760,20787.16013,77567
293,MYCTH_2302851,20805.814130000002,143378
294,MYCTH_2312297,20912.27779,25243
295,MYCTH_2297296,21146.76946,35727
296,MYCTH_2297119,21216.28543,63304
297,MYCTH_2312055,21314.350619999997,40380
298,MYCTH_2301765,21331.563309999998,10554
299,MYCTH_2299464,21422.78223,91842
300,MYCTH_2312685,21752.89994,41939
301,MYCTH_2294730,21794.75366,73653
302,MYCTH_2306532,21796.33356,97738
303,MYCTH_2296525,21882.48015,63527
304,MYCTH_2303950,22076.476280000003,117260
305,MYCTH_2299569,22265.48322,38992
306,MYCTH_2082522,22802.264030000002,89866
307,MYCTH_2311689,22819.421290000002,150792
308,MYCTH_2303817,22836.827999999998,26715
309,MYCTH_2305213,22841.01337,40368
310,MYCTH_2302465,22928.07464,25391
311,MYCTH_41855,22954.4896,21476
312,MYCTH_2305468,22995.98298,36353
313,MYCTH_2302259,23090.08455,105379
314,MYCTH_2300119,23175.843080000002,21521
315,MYCTH_2309086,23199.70802,25502
316,MYCTH_2293982,23210.1853,108121
317,MYCTH_2305137,23219.83106,132281
318,MYCTH_2301280,23397.3906,73586
319,MYCTH_2301287,23552.38793,40713
320,MYCTH_109638,23799.685169999997,35857
321,MYCTH_2312676,23812.82336,109690
322,MYCTH_2301374,23847.026990000002,74192
323,MYCTH_2313124,23868.92397,44244
324,MYCTH_2294293,23882.949119999997,54410
325,MYCTH_2305849,23908.671140000002,99501
326,MYCTH_2135257,23984.783919999998,174879
327,MYCTH_2306290,24070.87507,209375
328,MYCTH_2298921,24218.222319999997,108890
329,MYCTH_2300713,24245.74599,49530
330,MYCTH_2306143,24265.84131,97463
331,MYCTH_2298987,24281.39094,13673
332,MYCTH_2062193,24302.51182,117849
333,MYCTH_2304552,24569.73809,49768
334,MYCTH_2305012,24616.08207,93037
335,MYCTH_110317,24660.541240000002,34694
336,MYCTH_2309794,24690.36548,30994
337,MYCTH_2314205,24774.793569999998,22836
338,MYCTH_2308596,24833.99856,32477
339,MYCTH_2301062,24887.4937,68630
340,MYCTH_2294587,24974.25008,104010
341,MYCTH_2314749,25223.68159,23370
342,MYCTH_2295633,25303.53626,63386
343,MYCTH_2312847,25417.67771,92056
344,MYCTH_2308138,25513.55321,29154
345,MYCTH_2294640,25550.473169999997,43263
346,MYCTH_2142074,25576.41693,40863
347,MYCTH_2075799,25643.13342,81455
348,MYCTH_2298937,25646.98618,40400
349,MYCTH_2311792,25711.45753,92261
350,MYCTH_2295254,25731.19252,183056
351,MYCTH_2299495,25755.2792,30754
352,MYCTH_2298524,25945.53344,20780
353,MYCTH_2302072,25996.42312,81453
354,MYCTH_117620,26011.58469,26822
355,MYCTH_89127,26085.84039,23566
356,MYCTH_2141262,26121.7348,66940
357,MYCTH_2312532,26187.34258,81293
358,MYCTH_2303614,26243.96982,33142
359,MYCTH_2297367,26349.241619999997,52035
360,MYCTH_2054613,26364.62494,35760
361,MYCTH_2302752,26592.49208,29895
362,MYCTH_2302283,26621.152169999998,27138
363,MYCTH_2304940,26638.72519,106905
364,MYCTH_2301126,26671.59837,100536
365,MYCTH_2294471,26679.49791,19544
366,MYCTH_2303459,26755.33352,56046
367,MYCTH_74015,26825.15438,30526
368,MYCTH_2313121,26937.8268,23522
369,MYCTH_2304140,26970.5614,65390
370,MYCTH_2301308,27006.788419999997,87990
371,MYCTH_2305458,27139.1404,96938
372,MYCTH_2306691,27160.20584,116600
373,MYCTH_79157,27178.527239999996,39508
374,MYCTH_2305507,27238.28658,35318
375,MYCTH_2307432,27249.70627,44795
376,MYCTH_2295768,27269.746160000002,93043
377,MYCTH_2306835,27317.614610000004,11212
378,MYCTH_2313207,27338.01483,65412
379,MYCTH_92876,27380.561489999996,116870
380,MYCTH_2300461,27404.12153,81605
381,MYCTH_2117078,27519.842889999996,95116
382,MYCTH_2303936,27585.78328,85755
383,MYCTH_2305747,27613.168360000003,32118
384,MYCTH_2303153,27692.163780000003,32903
385,MYCTH_2307289,27747.931780000003,62683
386,MYCTH_2312108,27772.240189999997,90248
387,MYCTH_2303748,27971.91845,74204
388,MYCTH_2305132,28159.78896,52780
389,MYCTH_2303321,28202.474210000004,42756
390,MYCTH_2304984,28218.827639999996,83924
391,MYCTH_2302094,28252.72638,38383
392,MYCTH_2300969,28253.75194,99619
393,MYCTH_50335,28321.66028,166670
394,MYCTH_2301054,28410.35689,31985
395,MYCTH_2136659,28414.79173,29247
396,MYCTH_2311805,28472.998880000003,13560
397,MYCTH_2300709,28605.90521,145314
398,MYCTH_2309107,28615.190639999997,55934
399,MYCTH_2300156,28618.322739999996,86090
400,MYCTH_2307600,28652.332339999997,57013
401,MYCTH_2294252,28750.73015,71366
402,MYCTH_2296410,28987.99359,70834
403,MYCTH_2312176,29029.29295,19008
404,MYCTH_2136823,29044.814860000002,21691
405,MYCTH_2066367,29385.382139999998,139038
406,MYCTH_2300265,29461.134589999998,14824
407,MYCTH_2311282,29521.28198,39667
408,MYCTH_2296297,29525.43963,26302
409,MYCTH_2301096,29532.646230000002,32727
410,MYCTH_2308658,29649.892069999998,158071
411,MYCTH_2294192,29678.71847,11691
412,MYCTH_2294962,29693.87728,26112
413,MYCTH_2312360,29713.892219999998,70746
414,MYCTH_2298183,29728.887489999997,31713
415,MYCTH_2293970,29750.230110000004,46968
416,MYCTH_2311548,29759.654130000003,78239
417,MYCTH_2314483,29768.246610000002,8106
418,MYCTH_2295898,29834.76907,79610
419,MYCTH_2306960,29871.883060000004,31213
420,MYCTH_2117720,29939.264769999998,30516
421,MYCTH_2297436,29972.8309,46845
422,MYCTH_2090680,30010.222060000004,71192
423,MYCTH_2306255,30117.489530000003,14519
424,MYCTH_80987,30137.44627,55481
425,MYCTH_2299657,30178.74563,81565
426,MYCTH_2301403,30234.73537,80131
427,MYCTH_105669,30322.766760000002,74639
428,MYCTH_50254,30370.829230000003,40418
429,MYCTH_2309867,30484.74895,42526
430,MYCTH_2307656,30496.944730000003,42228
431,MYCTH_2313270,30500.825210000003,24745
432,MYCTH_59287,30593.679480000003,79656
433,MYCTH_2311364,30633.59295,102134
434,MYCTH_2310757,30714.52861,32985
435,MYCTH_2308551,30749.4529,40385
436,MYCTH_114738,30814.589480000002,28122
437,MYCTH_2311072,30939.87345,93076
438,MYCTH_2303498,30996.971889999997,150326
439,MYCTH_2303480,31103.685,32209
440,MYCTH_81343,31128.076569999997,56471
441,MYCTH_2299040,31184.897839999998,25573
442,MYCTH_2294324,31208.1807,66125
443,MYCTH_2308258,31269.131910000004,135843
444,MYCTH_2143314,31347.60069,41381
445,MYCTH_2310632,31406.91655,30159
446,MYCTH_2092861,31452.650739999997,41805
447,MYCTH_2298717,31567.956339999997,153327
448,MYCTH_2299416,31675.77816,39697
449,MYCTH_2142956,31681.59888,16542
450,MYCTH_2304281,31700.66865,196665
451,MYCTH_2309706,31792.96856,44399
452,MYCTH_2305058,31870.63354,80601
453,MYCTH_2311164,31938.042960000002,34621
454,MYCTH_2312344,32105.679560000004,29205
455,MYCTH_2298356,32266.165,32039
456,MYCTH_64792,32290.556569999997,79723
457,MYCTH_67016,32327.14392,37137
458,MYCTH_2307261,32464.23562,94870
459,MYCTH_2294394,32623.168869999998,26081
460,MYCTH_75329,32698.006639999996,20237
461,MYCTH_2299965,32746.78977,50681
462,MYCTH_2308944,32792.801139999996,60103
463,MYCTH_2308489,32841.58428,38841
464,MYCTH_2298055,32879.03088,68168
465,MYCTH_2311951,32912.54157,8880
466,MYCTH_2311786,32953.75778,48748
467,MYCTH_2117839,32996.52618,43932
468,MYCTH_2305846,33092.5957,50235
469,MYCTH_2092357,33196.20443,65003
470,MYCTH_2311495,33208.843689999994,34891
471,MYCTH_2309874,33225.474310000005,24867
472,MYCTH_2308140,33397.185410000006,70238
473,MYCTH_2093740,33400.65012,61955
474,MYCTH_2304429,33403.69907,32495
475,MYCTH_2311735,33520.9449,68570
476,MYCTH_2296263,33584.36298,24752
477,MYCTH_2141069,33588.02172,99132
478,MYCTH_77059,33599.66315,32494
479,MYCTH_2089196,33685.33853,88916
480,MYCTH_2295707,33768.18671,19613
481,MYCTH_2313457,33798.67618,43442
482,MYCTH_2315227,33904.55776,49443
483,MYCTH_2300848,34113.96492,60522
484,MYCTH_20364,34163.80133,79395
485,MYCTH_2295903,34228.3004,27938
486,MYCTH_2314125,34229.96346,41329
487,MYCTH_2302870,34260.7301,70290
488,MYCTH_2298542,34279.57813,77140
489,MYCTH_2298826,34409.01975,127370
490,MYCTH_2314770,34422.60142,26761
491,MYCTH_2313145,34501.874019999996,58620
492,MYCTH_2302424,34515.455689999995,43465
493,MYCTH_2311881,34520.64721,92170
494,MYCTH_2294353,34646.56037,82410
495,MYCTH_114710,34697.67179,51672
496,MYCTH_2309805,34699.22398,65197
497,MYCTH_2306518,34723.33837,45707
498,MYCTH_2302591,34742.74076,42392
499,MYCTH_2116644,34855.82894,34387
500,MYCTH_2294414,34938.70484,33622
501,MYCTH_2296084,34941.83694,49050
502,MYCTH_2310737,34957.55287,18881
503,MYCTH_2316017,35019.91768,11609
504,MYCTH_2135256,35039.70811,42355
505,MYCTH_2295769,35102.239219999996,54179
506,MYCTH_2297322,35123.30467,22879
507,MYCTH_73194,35128.70962,56991
508,MYCTH_2308783,35143.53858,21600
509,MYCTH_2313627,35172.919330000004,40333
510,MYCTH_2297673,35244.65272,89131
511,MYCTH_43573,35295.23751,84970
512,MYCTH_2295813,35401.645730000004,88407
513,MYCTH_2297813,35402.421819999996,196348
514,MYCTH_2059227,35439.56353,35523
515,MYCTH_2301421,35474.765,61405
516,MYCTH_2309016,35589.79342,44846
517,MYCTH_2300162,35652.71258,39985
518,MYCTH_117206,35677.15958,38618
519,MYCTH_49355,35833.68693,38323
520,MYCTH_2298813,35845.21195,117474
521,MYCTH_2302460,35918.16491,52932
522,MYCTH_2303271,36018.031760000005,63086
523,MYCTH_104076,36058.77676,76182
524,MYCTH_2309609,36095.64129,30050
525,MYCTH_2299297,36158.64361,59773
526,MYCTH_2049934,36260.83874,49346
527,MYCTH_2304388,36263.88768,47916
528,MYCTH_2071301,36273.3117,88911
529,MYCTH_2300639,36281.294389999995,110430
530,MYCTH_2301462,36294.65432,154807
531,MYCTH_115909,36296.31738,165469
532,MYCTH_2135843,36299.92068,31196
533,MYCTH_2304075,36366.664880000004,63701
534,MYCTH_2304548,36378.63893,17103
535,MYCTH_2309779,36391.38906,23288
536,MYCTH_2302215,36459.796330000005,64626
537,MYCTH_2310340,36476.759560000006,33641
538,MYCTH_2304292,36501.483739999996,150713
539,MYCTH_2298129,36608.141410000004,19381
540,MYCTH_2310812,37015.369739999995,52283
541,MYCTH_78048,37169.42467,39794
542,MYCTH_2310833,37219.31652,80494
543,MYCTH_2295923,37428.08617,90271
544,MYCTH_2306452,37475.09538,68630
545,MYCTH_2305104,37545.830930000004,40651
546,MYCTH_2312860,37567.7279,111833
547,MYCTH_2310035,37645.61462,39617
548,MYCTH_2312088,37689.46401,89268
549,MYCTH_2302675,37762.00121,42690
550,MYCTH_2299988,37927.22637,56288
551,MYCTH_2311439,37934.710139999996,18533
552,MYCTH_2296350,38071.247489999994,192814
553,MYCTH_2312689,38114.87514,39708
554,MYCTH_2298329,38136.21776,17845
555,MYCTH_2306931,38250.41465,69958
556,MYCTH_2299204,38269.817039999994,30664
557,MYCTH_2301899,38310.83922,42376
558,MYCTH_2311679,38328.30137,27964
559,MYCTH_55542,38376.80733,48059
560,MYCTH_2304698,38380.6878,53617
561,MYCTH_2306072,38389.280289999995,15584
562,MYCTH_2307110,38414.22621,15752
563,MYCTH_2298163,38437.50907,47521
564,MYCTH_2305128,38591.89661,9885
565,MYCTH_2116851,38634.69273,33272
566,MYCTH_2314338,38712.46857,14137
567,MYCTH_2312908,38894.296630000004,106632
568,MYCTH_2306087,38899.867889999994,75729
569,MYCTH_2298958,39002.672810000004,22268
570,MYCTH_2089248,39155.39729,21931
571,MYCTH_2311687,39451.42224,25513
572,MYCTH_2304613,39629.647000000004,93656
573,MYCTH_112802,39739.68623,30468
574,MYCTH_2306632,39768.23545,42217
575,MYCTH_113138,39848.893939999994,73733
576,MYCTH_2300423,40010.76526,64991
577,MYCTH_2295767,40078.45186,134218
578,MYCTH_2312608,40124.130619999996,80949
579,MYCTH_2315699,40179.566,36660
580,MYCTH_93313,40399.3673,64900
581,MYCTH_2299698,40403.52495,27499
582,MYCTH_2296824,40459.81958,170698
583,MYCTH_2298421,40511.845689999995,60337
584,MYCTH_2313110,40781.31709,31282
585,MYCTH_2314543,40815.68703,33927
586,MYCTH_2299299,40816.518560000004,16949
587,MYCTH_2095744,40822.89363,13994
588,MYCTH_2122256,41007.77063,23183
589,MYCTH_2305513,41010.26522,43618
590,MYCTH_2297483,41052.28524,162096
591,MYCTH_104959,41098.87868,94388
592,MYCTH_77970,41121.69034,64333
593,MYCTH_2309965,41173.49471,87148
594,MYCTH_2310394,41173.7996,37589
595,MYCTH_113239,41256.2043,43995
596,MYCTH_2031061,41259.17009,35207
597,MYCTH_105966,41285.945380000005,36318
598,MYCTH_40668,41375.30722,82505
599,MYCTH_2304860,41404.96515,69199
600,MYCTH_2296914,41412.33806,66000
601,MYCTH_2304947,41423.00937,45630
602,MYCTH_2304826,41437.94921,46563
603,MYCTH_2294240,41443.492739999994,16546
604,MYCTH_2300740,41470.71152,38492
605,MYCTH_2308004,41681.86489,24005
606,MYCTH_2295851,41735.91439,18222
607,MYCTH_2314160,41770.533789999994,69697
608,MYCTH_2304915,41946.0145,79828
609,MYCTH_2305145,42029.44475,155526
610,MYCTH_2301905,42137.84864,38686
611,MYCTH_2294216,42183.55512,21852
612,MYCTH_2307570,42425.53056,143501
613,MYCTH_112996,42459.06897,56737
614,MYCTH_2295207,42719.060919999996,21714
615,MYCTH_2303507,42814.82555,81690
616,MYCTH_2309205,42856.54067,14447
617,MYCTH_2302336,42880.26702,64831
618,MYCTH_2063420,42984.596410000006,35932
619,MYCTH_2302191,43214.37607,51330
620,MYCTH_2306898,43299.46939,30864
621,MYCTH_2295196,43439.52688,94155
622,MYCTH_2294631,43472.17832,74146
623,MYCTH_2088965,43532.02082,50350
624,MYCTH_2305189,43619.33155,33929
625,MYCTH_101411,43619.33155,88165
626,MYCTH_2299068,43643.72312,21301
627,MYCTH_2312794,43778.4311,31084
628,MYCTH_2308446,43805.45585,42508
629,MYCTH_2297541,44154.698769999995,15063
630,MYCTH_112159,44210.13415,53973
631,MYCTH_60661,44456.07323,44714
632,MYCTH_2307824,44458.62326,40455
633,MYCTH_89669,44470.819039999995,54995
634,MYCTH_2309354,44665.95159,168020
635,MYCTH_2132689,45131.49794,92883
636,MYCTH_2295965,45382.17675,43722
637,MYCTH_2296504,45480.76858,36017
638,MYCTH_2297048,45494.68286,63409
639,MYCTH_105006,45503.580239999996,108812
640,MYCTH_47844,45516.88473,72391
641,MYCTH_2302660,45611.95641,46747
642,MYCTH_2294435,45718.39235,27424
643,MYCTH_2302339,45762.408039999995,43660
644,MYCTH_2312519,45943.46,20016
645,MYCTH_2314728,46058.7656,22858
646,MYCTH_2299064,46146.07633,77194
647,MYCTH_2309641,46226.48536,69494
648,MYCTH_113912,46258.58244,46293
649,MYCTH_2300091,46373.08423,68788
650,MYCTH_2118116,46669.746680000004,79826
651,MYCTH_2298428,46860.08407,33391
652,MYCTH_2312447,47037.86535,191650
653,MYCTH_107134,47158.04926,56047
654,MYCTH_2296376,47207.66393,53404
655,MYCTH_114482,47372.029839999996,56407
656,MYCTH_71748,47507.56935,51856
657,MYCTH_2306820,47536.05205,100494
658,MYCTH_37941,47586.84195,10128
659,MYCTH_2304303,47659.268280000004,60217
660,MYCTH_2300475,47991.79743,17747
661,MYCTH_2308655,48090.74959,32201
662,MYCTH_2308682,48171.962419999996,118398
663,MYCTH_2119403,48226.01192,74135
664,MYCTH_2130327,48302.78993,5390
665,MYCTH_2307825,48424.74777,27725
666,MYCTH_2304543,48848.2741,32306
667,MYCTH_2299288,48907.589960000005,36129
668,MYCTH_2141082,48912.30197,76032
669,MYCTH_2297891,48918.98193,52343
670,MYCTH_2307429,49014.802,58441
671,MYCTH_2310607,49142.635989999995,115141
672,MYCTH_2309187,49394.4235,29952
673,MYCTH_54923,49415.1009,99637
674,MYCTH_2313989,49712.234560000004,24445
675,MYCTH_2303431,49800.37682,274860
676,MYCTH_79440,50120.79333,9400
677,MYCTH_2294707,50407.28339,37943
678,MYCTH_2309153,50425.41077,143038
679,MYCTH_2311885,50653.80455,24133
680,MYCTH_2307782,50689.83754,28009
681,MYCTH_2303693,50985.91793,34944
682,MYCTH_2312054,51006.650760000004,26490
683,MYCTH_2311673,51137.92175,87124
684,MYCTH_2304301,51210.93015,56861
685,MYCTH_2097810,51242.72234,17674
686,MYCTH_2305828,51280.751019999996,360167
687,MYCTH_2299291,51447.80554,53524
688,MYCTH_2306540,51666.609000000004,25031
689,MYCTH_2309174,51845.11094,38895
690,MYCTH_2077959,51880.58958,36427
691,MYCTH_2301163,52076.85856,49773
692,MYCTH_2303933,52106.987689999994,31053
693,MYCTH_2302030,52367.31225,29206
694,MYCTH_2302765,52694.381010000005,58797
695,MYCTH_2307878,52890.06792,42507
696,MYCTH_2090930,53010.94477,23197
697,MYCTH_2306147,53054.43383,28217
698,MYCTH_2305675,53107.37462,72990
699,MYCTH_2303133,53144.23915,40556
700,MYCTH_2302257,53250.73052,69948
701,MYCTH_2301391,53280.88737,24869
702,MYCTH_2294003,53947.22068,29629
703,MYCTH_2308247,54245.37989,79793
704,MYCTH_2316157,54304.77891,31355
705,MYCTH_2135627,54606.15337000001,47196
706,MYCTH_2302246,54619.09752999999,9218
707,MYCTH_2308831,54944.503229999995,56203
708,MYCTH_2297251,54951.46037000001,35927
709,MYCTH_2300057,55061.19471,55781
710,MYCTH_2314967,55138.2499,14056
711,MYCTH_2309899,55153.55006,80158
712,MYCTH_2298482,55295.963560000004,37031
713,MYCTH_2304313,55582.01014,50400
714,MYCTH_112905,55793.21895,123401
715,MYCTH_2302305,55882.94112,37380
716,MYCTH_2130787,55945.943439999995,25480
717,MYCTH_122939,55994.1445,41609
718,MYCTH_2303593,56056.73105,64252
719,MYCTH_2301916,56130.98675,85501
720,MYCTH_2304585,56162.141429999996,112515
721,MYCTH_2294358,56249.2027,34590
722,MYCTH_2296687,56292.96894,21406
723,MYCTH_2308197,56385.8232,39336
724,MYCTH_2305424,56731.185639999996,54228
725,MYCTH_2087157,56741.71837,26814
726,MYCTH_2316737,56810.181070000006,31442
727,MYCTH_2300142,56867.55669,13932
728,MYCTH_2301098,56921.60619,26669
729,MYCTH_2296595,56942.67163,54157
730,MYCTH_2299001,56983.610660000006,45579
731,MYCTH_2142854,56992.5912,41435
732,MYCTH_107142,57165.74362000001,85203
733,MYCTH_2300799,57215.46916,101416
734,MYCTH_2316572,57271.95781,6644
735,MYCTH_2306528,57282.6014,25087
736,MYCTH_74927,57347.07276,75684
737,MYCTH_2082040,57387.54059,15616
738,MYCTH_2316248,57389.480820000004,35733
739,MYCTH_40920,57482.5014,82280
740,MYCTH_2298134,57561.33051,51812
741,MYCTH_2304414,57600.41246,12831
742,MYCTH_2312423,57721.95454,86870
743,MYCTH_2294008,57902.81247999999,19945
744,MYCTH_2112181,57903.64401,110647
745,MYCTH_2089610,58001.404310000005,34143
746,MYCTH_2297018,58027.542089999995,107262
747,MYCTH_2301019,58185.810110000006,39994
748,MYCTH_2295178,58368.4697,58481
749,MYCTH_2077843,58402.56246,25511
750,MYCTH_95811,58434.465520000005,31137
751,MYCTH_2313192,58518.39469,59770
752,MYCTH_2112958,58548.63469,26163
753,MYCTH_2296711,58649.139039999995,138835
754,MYCTH_2295436,58699.141760000006,29192
755,MYCTH_2114693,58713.55496,28607
756,MYCTH_2311306,58902.894510000006,92874
757,MYCTH_2295135,58960.24242,48667
758,MYCTH_2309061,58996.829770000004,38285
759,MYCTH_2308922,59253.77277,86443
760,MYCTH_2297763,59260.12012000001,28118
761,MYCTH_2300012,59645.423760000005,32472
762,MYCTH_110028,59788.724220000004,39952
763,MYCTH_2298552,60096.667779999996,20515
764,MYCTH_2296049,60106.36897,38735
765,MYCTH_2310660,60250.58412000001,69344
766,MYCTH_2308313,60266.577229999995,14993
767,MYCTH_2307463,60389.31117000001,36708
768,MYCTH_2311160,60548.93736,40518
769,MYCTH_65705,60600.852589999995,96093
770,MYCTH_2294418,60951.25965,30175
771,MYCTH_2134461,60953.5325,63948
772,MYCTH_2294343,61233.95239,119004
773,MYCTH_2296333,61384.76435,153455
774,MYCTH_2297465,61408.35211,108327
775,MYCTH_2306961,61486.9872,74665
776,MYCTH_2308546,61496.52209,69272
777,MYCTH_2312518,61659.39124,128301
778,MYCTH_2311080,61814.24999,52028
779,MYCTH_2304722,61926.58979,124993
780,MYCTH_2315449,61966.22609,42996
781,MYCTH_75762,62094.28182999999,76334
782,MYCTH_2300608,62146.80685,40643
783,MYCTH_117150,62541.92255,41424
784,MYCTH_2296965,62553.397670000006,47272
785,MYCTH_2313117,62616.76032,36777
786,MYCTH_2117900,62834.62137000001,26105
787,MYCTH_2294558,62974.04136,54066
788,MYCTH_2144570,63184.14147,41655
789,MYCTH_2306912,63272.283729999996,42408
790,MYCTH_2299745,63422.513620000005,47163
791,MYCTH_2304000,63550.29218,92367
792,MYCTH_2069574,63580.44902000001,35728
793,MYCTH_2300427,63678.264760000005,77125
794,MYCTH_2316635,63816.382020000005,17173
795,MYCTH_59388,63893.99155,63809
796,MYCTH_2297751,64023.433170000004,145043
797,MYCTH_2314025,64237.1643,15050
798,MYCTH_2307908,64355.213939999994,66984
799,MYCTH_79327,64419.602139999995,434881
800,MYCTH_2306934,64521.242920000004,33504
801,MYCTH_2308952,64588.014839999996,114544
802,MYCTH_2304195,65335.03435,56348
803,MYCTH_2294867,65525.98153,21622
804,MYCTH_2304203,65574.23803,40434
805,MYCTH_2296319,65585.1588,111505
806,MYCTH_2299129,65585.32511,54669
807,MYCTH_2294264,65693.70128,47001
808,MYCTH_2312329,65742.65072,76780
809,MYCTH_2300154,65920.98635,164342
810,MYCTH_2300593,65925.14401,78310
811,MYCTH_2299308,65949.45242,101505
812,MYCTH_2310189,65978.05708,272439
813,MYCTH_2306347,66078.6723,31091
814,MYCTH_2300515,66155.47803,99895
815,MYCTH_2300124,66227.54402,34626
816,MYCTH_2106723,66283.81094,31731
817,MYCTH_2310085,66532.8544,44985
818,MYCTH_2088816,66714.26669,83544
819,MYCTH_2307677,67161.1036,22001
820,MYCTH_2304512,67232.44894,64971
821,MYCTH_2296424,67455.16059,88552
822,MYCTH_2298874,67475.97658,76109
823,MYCTH_2133010,67859.00736,46379
824,MYCTH_2297783,68035.87395,127667
825,MYCTH_71484,68085.73808,51115
826,MYCTH_2306070,68213.21175,69811
827,MYCTH_2300064,68272.77707000001,28849
828,MYCTH_2117728,68357.37146000001,28373
829,MYCTH_2310518,68360.42041,33393
830,MYCTH_77492,68368.45853999999,41255
831,MYCTH_2305200,68474.42327,94254
832,MYCTH_2306388,68603.31053999999,96833
833,MYCTH_2306928,68673.35315,46069
834,MYCTH_2305515,68678.9244,208695
835,MYCTH_2304628,68841.32236,36003
836,MYCTH_2312307,68948.03547,122321
837,MYCTH_2312548,69016.22099,28356
838,MYCTH_2314369,69332.47986,15332
839,MYCTH_2304045,69469.12808,13458
840,MYCTH_2038387,69486.03587,22099
841,MYCTH_2294503,69656.91544,166086
842,MYCTH_96869,69759.05513,84085
843,MYCTH_2307334,70121.32536,39306
844,MYCTH_2295109,70349.71915,138129
845,MYCTH_2306913,70439.24729,108494
846,MYCTH_2306377,70657.71814,46136
847,MYCTH_2306954,70677.73031,35731
848,MYCTH_2096341,70971.70415,17830
849,MYCTH_2311706,71015.4981,80478
850,MYCTH_2306401,71048.73161,41460
851,MYCTH_2301537,71052.63981000001,50911
852,MYCTH_2297450,71316.51223,59003
853,MYCTH_2298873,71388.57823,27609
854,MYCTH_2307051,71951.52455,32658
855,MYCTH_2312153,72086.78689,99603
856,MYCTH_2296944,72188.78799,115495
857,MYCTH_2309142,72733.13574,19958
858,MYCTH_2312814,72752.84302,30216
859,MYCTH_90482,72850.32614,201111
860,MYCTH_2306283,72851.90605,39697
861,MYCTH_2298956,72892.95595,69165
862,MYCTH_2299553,72918.12362,58924
863,MYCTH_2141686,73063.25345,72586
864,MYCTH_2306949,73086.56403,26199
865,MYCTH_2119272,73185.23901,80466
866,MYCTH_2306300,73252.31582999999,116137
867,MYCTH_2308773,73260.68657,169262
868,MYCTH_2297705,73345.72445,127934
869,MYCTH_2298170,73475.49867999999,93287
870,MYCTH_111604,73683.15963,33487
871,MYCTH_2301841,73838.54501,199628
872,MYCTH_2312382,73902.85005,56570
873,MYCTH_2310998,74204.97289,20390
874,MYCTH_2312723,74320.83285,147055
875,MYCTH_2305972,74848.43911,138569
876,MYCTH_2302506,75135.17863,41245
877,MYCTH_2305158,75155.82831,147719
878,MYCTH_2307988,75522.67196,26746
879,MYCTH_2309943,75528.43724,50511
880,MYCTH_2297116,75837.82212000001,39884
881,MYCTH_2310162,75860.8278,492450
882,MYCTH_73679,76022.14477,60094
883,MYCTH_38472,76050.97117,53539
884,MYCTH_2310121,76110.28702999999,48939
885,MYCTH_2296679,76787.76285,60755
886,MYCTH_2300820,77162.17343,18814
887,MYCTH_2309758,77191.55417999999,84463
888,MYCTH_2303581,77205.41303,201608
889,MYCTH_2300583,77422.16537999999,63084
890,MYCTH_2113540,77710.01361000001,91789
891,MYCTH_2097778,77732.60353,35101
892,MYCTH_2308710,77854.83855,49787
893,MYCTH_81013,77889.48566,33615
894,MYCTH_2299061,78025.30235,21320
895,MYCTH_2296691,78228.47303,36685
896,MYCTH_79542,78318.86043,49509
897,MYCTH_2310921,78473.22025,85082
898,MYCTH_2057433,78623.50558,25470
899,MYCTH_2311890,78660.28695,140977
900,MYCTH_2295439,78754.85972000001,52054
901,MYCTH_2035048,78941.37207,58430
902,MYCTH_2313379,79163.94513,12240
903,MYCTH_2298104,79845.82807,26942
904,MYCTH_2074571,79852.17542,61109
905,MYCTH_112306,79955.28523,42836
906,MYCTH_2313336,79970.1142,27946
907,MYCTH_2294585,80237.78395,33717
908,MYCTH_2296015,80786.26163,38379
909,MYCTH_2308733,80889.01111,22931
910,MYCTH_2299438,81035.1665,32626
911,MYCTH_2314092,81366.11574,19418
912,MYCTH_2303364,81572.75112999999,41191
913,MYCTH_2310028,82320.24185,81050
914,MYCTH_2307473,82425.09787,43498
915,MYCTH_2294309,82588.18877000001,33786
916,MYCTH_2311474,82589.18661,64977
917,MYCTH_83980,82836.26211,13617
918,MYCTH_67051,82844.8546,30178
919,MYCTH_111814,83002.29109,52881
920,MYCTH_2309334,83171.64618,55857
921,MYCTH_2311974,83488.18222,39724
922,MYCTH_2295218,83565.23741,17805
923,MYCTH_78432,83761.47867000001,90379
924,MYCTH_2300175,83862.92542,16126
925,MYCTH_99435,83941.3942,42916
926,MYCTH_2299373,83978.78537,59338
927,MYCTH_2306298,84131.78702999999,54988
928,MYCTH_2293999,84290.33222000001,54329
929,MYCTH_2307431,84459.13297,39223
930,MYCTH_2300974,84623.80377,78546
931,MYCTH_2124996,84646.14422999999,82063
932,MYCTH_2309342,84700.55406000001,22449
933,MYCTH_2308782,84836.92511,125713
934,MYCTH_79688,84988.15282999999,44763
935,MYCTH_2310303,85235.22834,43112
936,MYCTH_2301730,85303.41386,29961
937,MYCTH_2303801,85383.51799,21940
938,MYCTH_2299655,85811.75632999999,22450
939,MYCTH_2313331,85995.19201,71294
940,MYCTH_2302901,86294.95885,18768
941,MYCTH_2306768,86718.59605,114752
942,MYCTH_2299462,86835.92504,7255
943,MYCTH_2294970,86853.11001,969853
944,MYCTH_2311907,87027.7869,22516
945,MYCTH_2311698,87074.21402999999,123651
946,MYCTH_2310439,87111.07856000001,93826
947,MYCTH_2298290,87166.90199,51210
948,MYCTH_2315997,87405.08012,57718
949,MYCTH_2296663,87554.17358,109553
950,MYCTH_2305149,87636.3011,68159
951,MYCTH_2295729,87792.46257999999,8312
952,MYCTH_117073,87834.59347,44380
953,MYCTH_2307768,88129.48199,19780
954,MYCTH_92919,88250.08167,55959
955,MYCTH_2308439,88299.86265,60504
956,MYCTH_2305667,88414.39215,115555
957,MYCTH_2300010,88551.65016,41891
958,MYCTH_2311608,88680.09393999999,36975
959,MYCTH_2309049,88719.89655,31589
960,MYCTH_2299107,89120.72209,55313
961,MYCTH_75351,89491.36306,854798
962,MYCTH_2312755,89945.54516000001,62024
963,MYCTH_2134860,89963.3122,66991
964,MYCTH_2307442,90394.23915,144297
965,MYCTH_2313161,90695.61362,42713
966,MYCTH_2302852,90717.78777000001,47934
967,MYCTH_2305455,90745.50546,17154
968,MYCTH_2026172,90813.60783,21032
969,MYCTH_2119714,91442.60541,9228
970,MYCTH_110897,91587.3472,68673
971,MYCTH_2297360,91780.76125,24045
972,MYCTH_97470,91851.96800000001,89743
973,MYCTH_2304561,91902.96855,52539
974,MYCTH_2313954,91917.96382,28931
975,MYCTH_2307846,91923.23019,61061
976,MYCTH_2109970,91977.97262999999,34417
977,MYCTH_2037019,92098.68317,17463
978,MYCTH_2308761,92232.8368,70073
979,MYCTH_2304994,92292.76245,193957
980,MYCTH_2315098,92697.66249,10488
981,MYCTH_2304811,92858.97946,37602
982,MYCTH_2306019,92879.21338,18430
983,MYCTH_2302790,93414.85777,102380
984,MYCTH_2297570,93557.18812,41286
985,MYCTH_59946,93758.69574,59807
986,MYCTH_2085059,93815.51699999999,35084
987,MYCTH_71014,93821.44859,38998
988,MYCTH_2121350,94180.55900000001,11156
989,MYCTH_2310422,94399.69507999999,28740
990,MYCTH_2055659,94480.18725,21440
991,MYCTH_2304190,94915.82621,134127
992,MYCTH_2297656,95280.48017000001,119333
993,MYCTH_2308168,95312.27236,40867
994,MYCTH_2312573,95462.50225,34050
995,MYCTH_110536,95677.31436,16424
996,MYCTH_2312533,95898.08578,22450
997,MYCTH_2299032,97998.67105,30072
998,MYCTH_2312994,98047.45418,45836
999,MYCTH_90619,98194.63513,25573
1000,MYCTH_2300751,98645.15849,112499
1001,MYCTH_2296933,98750.37485,65698
1002,MYCTH_2059413,98755.28087999999,128114
1003,MYCTH_2313956,99035.86707000001,9079
1004,MYCTH_2096246,99219.35819,71963
1005,MYCTH_2308407,99412.82768,116659
1006,MYCTH_2304768,99438.05077999999,46920
1007,MYCTH_2081249,99773.46257,98123
1008,MYCTH_2138498,100038.0279,106717
1009,MYCTH_2311684,100103.1368,49370
1010,MYCTH_74487,100248.3221,93493
1011,MYCTH_42359,100831.6686,69530
1012,MYCTH_2310306,101090.8567,25568
1013,MYCTH_2141524,101186.5105,121275
1014,MYCTH_2303573,101656.0205,97374
1015,MYCTH_2304820,101726.9778,127149
1016,MYCTH_2300787,102256.3857,20003
1017,MYCTH_2294498,102448.4693,26144
1018,MYCTH_77354,102460.6651,44575
1019,MYCTH_2311112,102850.4867,62002
1020,MYCTH_2299321,102975.1054,32206
1021,MYCTH_2298672,103088.748,101263
1022,MYCTH_2294991,103206.8253,41838
1023,MYCTH_2307265,103992.3447,50157
1024,MYCTH_2298116,104217.3292,76245
1025,MYCTH_2304410,104326.8973,50142
1026,MYCTH_2298729,104472.138,40029
1027,MYCTH_2069203,104516.7634,29944
1028,MYCTH_2298111,104553.6557,13921
1029,MYCTH_2121249,104907.5829,35388
1030,MYCTH_2309017,105068.0683,68481
1031,MYCTH_2295096,105311.5405,100096
1032,MYCTH_2121938,105595.6469,23241
1033,MYCTH_2303816,105825.0385,43586
1034,MYCTH_2314027,105974.4369,13255
1035,MYCTH_48250,106075.3293,5739
1036,MYCTH_2315027,106222.7874,34811
1037,MYCTH_2311371,106269.0759,28424
1038,MYCTH_2296323,107800.3675,26084
1039,MYCTH_106293,108153.6849,127946
1040,MYCTH_2313072,108552.98599999999,20843
1041,MYCTH_48238,109193.5419,52927
1042,MYCTH_51515,109221.8416,11627
1043,MYCTH_2306127,109665.0475,19764
1044,MYCTH_2304549,110280.3803,66030
1045,MYCTH_2134470,110584.8591,106702
1046,MYCTH_103702,110912.3436,41426
1047,MYCTH_2311354,111318.4078,95142
1048,MYCTH_2145474,111763.8311,35803
1049,MYCTH_2309695,111812.0599,33643
1050,MYCTH_2303514,111953.8359,99922
1051,MYCTH_2294800,112258.0376,47747
1052,MYCTH_2296529,112303.7718,45391
1053,MYCTH_2308190,113202.2685,57283
1054,MYCTH_2071905,113329.3541,62227
1055,MYCTH_2305543,114016.4479,46138
1056,MYCTH_2310222,115219.1463,69485
1057,MYCTH_2311467,115622.023,132752
1058,MYCTH_2297644,116220.0044,51887
1059,MYCTH_2312849,116235.859,49629
1060,MYCTH_2296998,116429.8274,13007
1061,MYCTH_107972,116445.2107,64385
1062,MYCTH_2084007,116757.1733,21342
1063,MYCTH_2297723,116913.2239,56064
1064,MYCTH_2294213,117097.0199,242784
1065,MYCTH_2304799,117412.9739,137835
1066,MYCTH_2296056,117479.7735,46023
1067,MYCTH_2311826,117546.0188,10889
1068,MYCTH_2298433,117629.3382,72817
1069,MYCTH_51411,117869.2071,33022
1070,MYCTH_2081891,118412.75099999999,12814
1071,MYCTH_2300892,118691.3138,39868
1072,MYCTH_2307175,118691.591,39803
1073,MYCTH_2307580,118803.2933,60598
1074,MYCTH_2294928,119505.6042,144766
1075,MYCTH_2308533,119934.5909,50496
1076,MYCTH_2139072,120114.6173,87114
1077,MYCTH_2298384,120316.4021,70968
1078,MYCTH_2297416,120450.528,55777
1079,MYCTH_2307037,120792.5921,38069
1080,MYCTH_2307076,121853.6253,43116
1081,MYCTH_2295198,122013.2792,35433
1082,MYCTH_2304622,122574.1467,199130
1083,MYCTH_2299680,122604.4976,74484
1084,MYCTH_2303313,122864.7667,15375
1085,MYCTH_2302859,124216.2536,39245
1086,MYCTH_2070984,124868.4786,31568
1087,MYCTH_2306410,125090.9131,112173
1088,MYCTH_2080003,125289.0115,59972
1089,MYCTH_111372,126028.464,48667
1090,MYCTH_2314342,126341.0642,32125
1091,MYCTH_2299450,126391.2609,27323
1092,MYCTH_2300649,126585.0353,63068
1093,MYCTH_2309812,126601.5273,105956
1094,MYCTH_2300697,127013.82800000001,24268
1095,MYCTH_2302106,127345.0544,44466
1096,MYCTH_2096131,127390.8717,48667
1097,MYCTH_2305501,127412.1312,32413
1098,MYCTH_2119779,127717.0258,40943
1099,MYCTH_2305251,128151.0849,100912
1100,MYCTH_2294429,128281.0808,52555
1101,MYCTH_2296403,128404.1474,81723
1102,MYCTH_2297694,128508.3382,12754
1103,MYCTH_2293961,129327.8672,79864
1104,MYCTH_2293953,130044.7576,40240
1105,MYCTH_63965,130994.3657,39580
1106,MYCTH_2299136,131059.4745,78711
1107,MYCTH_85489,131519.4774,34477
1108,MYCTH_72822,132196.2048,20985
1109,MYCTH_42730,132317.6083,19404
1110,MYCTH_2310892,132682.5394,103715
1111,MYCTH_2294886,133542.7303,24753
1112,MYCTH_2309375,133745.3466,38775
1113,MYCTH_2302736,133791.2471,37053
1114,MYCTH_2297573,134219.042,62408
1115,MYCTH_2312622,134681.9274,26580
1116,MYCTH_2294810,135254.7689,32878
1117,MYCTH_2301970,135985.9617,82314
1118,MYCTH_2306915,136248.9748,66627
1119,MYCTH_2297371,136650.0498,17778
1120,MYCTH_2309088,136927.4208,65661
1121,MYCTH_2297791,137418.8554,63937
1122,MYCTH_2294525,138104.1199,194134
1123,MYCTH_2304836,138259.2836,39419
1124,MYCTH_2308119,138655.8129,26294
1125,MYCTH_2296361,139130.4783,21354
1126,MYCTH_2301997,139203.7916,32659
1127,MYCTH_2302700,139223.4712,48731
1128,MYCTH_2303590,139245.9225,48600
1129,MYCTH_2302248,139595.2763,51938
1130,MYCTH_2295145,140620.1934,151600
1131,MYCTH_2308663,140929.7723,95803
1132,MYCTH_2312083,140957.4623,49421
1133,MYCTH_2298996,141041.9735,45438
1134,MYCTH_114678,141333.6191,84471
1135,MYCTH_2300741,141975.9766,140325
1136,MYCTH_2296924,142390.4947,7951
1137,MYCTH_2308748,142572.3227,41724
1138,MYCTH_5082,142914.4145,29906
1139,MYCTH_2300294,143079.2793,59132
1140,MYCTH_2299590,143163.8183,56496
1141,MYCTH_2311939,143561.484,25114
1142,MYCTH_2303019,143612.0133,21223
1143,MYCTH_2056329,144294.7001,25843
1144,MYCTH_2306722,144682.5538,82686
1145,MYCTH_2305331,144990.3587,205917
1146,MYCTH_2307871,145059.9856,44359
1147,MYCTH_2313775,145512.0611,23135
1148,MYCTH_2300185,146168.6932,50783
1149,MYCTH_2301162,146395.424,33037
1150,MYCTH_2314846,146467.2128,32266
1151,MYCTH_2137000,146561.4252,46049
1152,MYCTH_2299739,147078.3879,82062
1153,MYCTH_2311479,147080.8825,81811
1154,MYCTH_2298045,147352.793,45237
1155,MYCTH_84590,147594.2141,49713
1156,MYCTH_2298160,147604.4697,34386
1157,MYCTH_2293966,147879.7618,29342
1158,MYCTH_2308558,147942.6255,74156
1159,MYCTH_2302808,147979.2129,46006
1160,MYCTH_2304734,148635.9836,108312
1161,MYCTH_2297230,148689.0629,63553
1162,MYCTH_2301184,148893.8967,73091
1163,MYCTH_2297787,149177.1715,32748
1164,MYCTH_2140326,149436.3319,26134
1165,MYCTH_2302098,149692.9977,12850
1166,MYCTH_111388,149702.1446,88404
1167,MYCTH_2300271,149789.7325,84074
1168,MYCTH_2315007,149982.0933,42755
1169,MYCTH_2294705,150047.7842,83265
1170,MYCTH_2304982,150125.9481,72815
1171,MYCTH_2076744,151142.0787,62571
1172,MYCTH_2086920,151285.9335,8660
1173,MYCTH_2306615,152206.1609,28418
1174,MYCTH_79619,152528.9611,76491
1175,MYCTH_2296399,152720.324,36045
1176,MYCTH_98253,153507.7005,15028
1177,MYCTH_2307682,153816.5865,62419
1178,MYCTH_2301769,153878.092,44773
1179,MYCTH_2297179,154235.0959,42459
1180,MYCTH_2295624,154252.5858,112987
1181,MYCTH_80916,154373.6844,78185
1182,MYCTH_2302666,154583.7845,48482
1183,MYCTH_2299830,155438.5981,46058
1184,MYCTH_2305681,156165.5777,28028
1185,MYCTH_2132318,156394.5813,36579
1186,MYCTH_2301791,156950.0438,31100
1187,MYCTH_2312964,157116.35,31868
1188,MYCTH_2314688,157288.4768,25745
1189,MYCTH_2316483,157316.5271,41026
1190,MYCTH_2091001,157361.3743,35737
1191,MYCTH_78277,157879.3903,98597
1192,MYCTH_2295802,158563.4906,55355
1193,MYCTH_2123512,158643.2899,27864
1194,MYCTH_2310137,158908.5759,49294
1195,MYCTH_2299316,159049.1046,5518
1196,MYCTH_2294478,159099.1628,124372
1197,MYCTH_2307068,159311.0368,37969
1198,MYCTH_2302578,159674.4712,77929
1199,MYCTH_2299207,159772.1206,25323
1200,MYCTH_2301172,160326.0587,11412
1201,MYCTH_2304865,160428.3369,30031
1202,MYCTH_2302775,160593.7561,98689
1203,MYCTH_2297847,160822.2053,62465
1204,MYCTH_2294430,160863.5047,12959
1205,MYCTH_2311243,161051.2089,31539
1206,MYCTH_2296197,161168.1221,43781
1207,MYCTH_2303666,161250.7209,114203
1208,MYCTH_2088202,161962.5112,40640
1209,MYCTH_2307676,161980.6386,38086
1210,MYCTH_2297307,162005.4736,36897
1211,MYCTH_107976,162031.3065,35554
1212,MYCTH_2301055,162821.2053,11580
1213,MYCTH_2300236,162831.0451,46956
1214,MYCTH_2294220,163130.7565,60406
1215,MYCTH_2110837,163139.2104,16521
1216,MYCTH_2081554,163445.1305,33118
1217,MYCTH_2297324,163452.8915,57299
1218,MYCTH_2311253,163878.358,59853
1219,MYCTH_2304243,163999.6784,69455
1220,MYCTH_2133058,164142.7848,19433
1221,MYCTH_62074,164710.7203,12203
1222,MYCTH_2302201,164772.5308,14030
1223,MYCTH_2311411,165375.3906,33052
1224,MYCTH_2296757,165528.1705,51143
1225,MYCTH_2303597,165555.2784,78649
1226,MYCTH_2305718,165688.5451,35089
1227,MYCTH_2315910,166194.7255,35712
1228,MYCTH_2303763,166205.5354,58255
1229,MYCTH_112916,166428.1639,198218
1230,MYCTH_60517,167354.7109,15894
1231,MYCTH_2311055,167501.6147,90332
1232,MYCTH_2308118,167522.2367,41729
1233,MYCTH_2295747,167532.6585,113729
1234,MYCTH_2090554,167726.4052,49199
1235,MYCTH_2312046,167999.9511,53467
1236,MYCTH_79031,168054.3055,20610
1237,MYCTH_2295168,168077.9487,10715
1238,MYCTH_2296713,168630.77800000002,37590
1239,MYCTH_2296116,169464.5816,34438
1240,MYCTH_2086777,169498.3972,13821
1241,MYCTH_2126562,169591.5287,19907
1242,MYCTH_2298562,169793.6738,73591
1243,MYCTH_2310754,172077.3899,100128
1244,MYCTH_2302225,172119.8811,63636
1245,MYCTH_2066697,172251.0135,102747
1246,MYCTH_76096,173053.7455,97373
1247,MYCTH_2302089,173317.8952,19605
1248,MYCTH_110298,173502.2178,49202
1249,MYCTH_2025277,173906.5358,18644
1250,MYCTH_2295601,173968.8729,177515
1251,MYCTH_2307780,173980.2648,86106
1252,MYCTH_2034994,174158.8499,31768
1253,MYCTH_99040,174846.22100000002,190020
1254,MYCTH_2296293,175290.3138,47812
1255,MYCTH_2142209,175576.0001,16755
1256,MYCTH_2299360,175946.8905,75633
1257,MYCTH_2298570,176603.2732,72928
1258,MYCTH_2301088,177870.2488,56150
1259,MYCTH_2310453,178397.7165,28285
1260,MYCTH_2300695,178738.9213,49610
1261,MYCTH_2303583,178779.0565,83054
1262,MYCTH_2074790,178885.8251,25946
1263,MYCTH_70818,179279.4163,30818
1264,MYCTH_2075565,179324.1804,36301
1265,MYCTH_88392,180867.64,11686
1266,MYCTH_2312133,180915.8134,42899
1267,MYCTH_2302376,181843.2196,56189
1268,MYCTH_2296360,182652.3822,48724
1269,MYCTH_2302160,182927.3417,23680
1270,MYCTH_2081074,183310.8437,173591
1271,MYCTH_2307323,183401.0925,59191
1272,MYCTH_2311092,183431.4434,20166
1273,MYCTH_2313703,183540.7342,28085
1274,MYCTH_2301760,183552.7637,29941
1275,MYCTH_2294749,183559.8594,66022
1276,MYCTH_2302420,183904.9447,39001
1277,MYCTH_98562,184685.5303,39587
1278,MYCTH_2095534,184858.1561,13157
1279,MYCTH_79137,185502.3153,49380
1280,MYCTH_2302496,186258.4539,35272
1281,MYCTH_2308806,186503.4783,13269
1282,MYCTH_2311550,186646.5016,35698
1283,MYCTH_2296875,186698.6109,26629
1284,MYCTH_2298688,186703.6555,44691
1285,MYCTH_2312310,186724.3883,67571
1286,MYCTH_2090056,186805.324,54116
1287,MYCTH_83051,186806.7099,14261
1288,MYCTH_2306567,187151.6011,34137
1289,MYCTH_2314411,187421.7654,48474
1290,MYCTH_2302711,187554.0065,65353
1291,MYCTH_2310546,188330.2405,65234
1292,MYCTH_2301039,188575.7361,37993
1293,MYCTH_2296656,188580.6144,82593
1294,MYCTH_2297042,188589.1515,135459
1295,MYCTH_2297985,188606.1424,65192
1296,MYCTH_2309273,188710.056,43825
1297,MYCTH_2127482,188757.3424,21839
1298,MYCTH_2306503,189084.2726,44160
1299,MYCTH_50343,189243.8156,16305
1300,MYCTH_2294422,189559.2152,55005
1301,MYCTH_2312051,189904.8549,69820
1302,MYCTH_57908,189939.9177,17754
1303,MYCTH_2302649,189996.0738,40026
1304,MYCTH_76367,191428.0806,53468
1305,MYCTH_2303662,192615.2293,63977
1306,MYCTH_2294104,193290.9867,30555
1307,MYCTH_2305048,193749.1601,158347
1308,MYCTH_2306843,193882.7594,63592
1309,MYCTH_2081821,194715.9532,24913
1310,MYCTH_2295922,194750.046,29707
1311,MYCTH_2312705,195312.1885,45368
1312,MYCTH_2299571,195753.7036,23446
1313,MYCTH_2298666,196353.9025,57738
1314,MYCTH_2293986,196903.4334,48691
1315,MYCTH_2297462,197195.3007,78976
1316,MYCTH_2311089,198396.5855,37086
1317,MYCTH_2295675,199423.526,21488
1318,MYCTH_2031920,199557.6796,22524
1319,MYCTH_2309042,200320.7754,74947
1320,MYCTH_2134806,200459.5024,23082
1321,MYCTH_2062179,201045.1495,207679
1322,MYCTH_2308787,201162.2568,60739
1323,MYCTH_2055144,201209.1274,37521
1324,MYCTH_2296781,201696.6539,51261
1325,MYCTH_2298795,202242.9696,71431
1326,MYCTH_2086957,202374.10199999998,41826
1327,MYCTH_2303910,202605.9882,45776
1328,MYCTH_2299402,203066.6285,206450
1329,MYCTH_2067725,203330.5564,32281
1330,MYCTH_2309058,203438.7108,43899
1331,MYCTH_2296912,203799.5952,36126
1332,MYCTH_2301005,203945.6674,18708
1333,MYCTH_2308135,204000.687,104318
1334,MYCTH_2303668,204687.3928,53318
1335,MYCTH_2295289,205465.1513,87900
1336,MYCTH_2307629,205500.5467,124042
1337,MYCTH_2304566,205552.7392,123574
1338,MYCTH_2305576,205905.5299,146788
1339,MYCTH_2293959,206112.7751,23889
1340,MYCTH_2315189,206446.9119,54751
1341,MYCTH_2310521,206609.8919,7870
1342,MYCTH_2311451,206748.4804,102254
1343,MYCTH_2309073,206945.47,37805
1344,MYCTH_2106437,207376.8405,66962
1345,MYCTH_2314668,207634.8922,45491
1346,MYCTH_2310464,207689.7732,38362
1347,MYCTH_2308241,208144.0939,44659
1348,MYCTH_2086470,208479.4502,22849
1349,MYCTH_78977,208869.9925,21668
1350,MYCTH_2305285,209781.9046,17066
1351,MYCTH_2304142,210071.0555,56594
1352,MYCTH_2122159,211412.7858,75231
1353,MYCTH_2309360,211508.8276,90537
1354,MYCTH_2308801,211563.5424,46816
1355,MYCTH_2310645,211735.6415,38063
1356,MYCTH_2124177,211974.6512,39008
1357,MYCTH_2308395,212021.3278,64404
1358,MYCTH_111331,212065.09399999998,44006
1359,MYCTH_2297423,212369.4897,32030
1360,MYCTH_35909,212551.1792,16549
1361,MYCTH_2302065,212980.4985,37842
1362,MYCTH_2305509,214510.7922,48646
1363,MYCTH_2125279,214579.5598,20626
1364,MYCTH_2307294,214943.4931,276784
1365,MYCTH_2295050,215107.7759,74029
1366,MYCTH_2303579,215110.3536,10020
1367,MYCTH_2314123,215521.6842,48020
1368,MYCTH_2114610,215729.0125,140301
1369,MYCTH_2298093,215729.1511,26984
1370,MYCTH_2088290,217147.3545,45760
1371,MYCTH_2144292,217313.5498,81705
1372,MYCTH_2303002,218028.195,59535
1373,MYCTH_2297389,218352.0763,134463
1374,MYCTH_112700,218498.8415,15257
1375,MYCTH_2299735,218742.1196,36958
1376,MYCTH_2313362,219752.4295,21156
1377,MYCTH_2314920,220366.7367,33126
1378,MYCTH_2309766,220757.3899,168914
1379,MYCTH_2133586,221874.4128,55157
1380,MYCTH_110670,223147.0152,42933
1381,MYCTH_2300304,224810.9914,68273
1382,MYCTH_2296269,225363.7653,56171
1383,MYCTH_2302387,225633.3753,93547
1384,MYCTH_2301550,225676.7812,58106
1385,MYCTH_107723,226239.09,55029
1386,MYCTH_112363,227248.1249,45641
1387,MYCTH_79116,227429.2046,38350
1388,MYCTH_2310551,227718.3001,15538
1389,MYCTH_81347,227911.7696,38593
1390,MYCTH_2304176,228259.6266,54974
1391,MYCTH_2084256,228537.1639,43496
1392,MYCTH_2301663,228866.0897,53520
1393,MYCTH_2306244,230220.0158,36429
1394,MYCTH_109978,230868.6929,68142
1395,MYCTH_2298881,231562.8825,29183
1396,MYCTH_2294281,231774.7843,9267
1397,MYCTH_2301430,232450.5416,49721
1398,MYCTH_2308351,233681.1794,39079
1399,MYCTH_2304603,234185.1148,95374
1400,MYCTH_2302555,234434.0196,43085
1401,MYCTH_90655,235401.3671,97385
1402,MYCTH_2082283,236247.117,36794
1403,MYCTH_2299276,236439.3115,27904
1404,MYCTH_2301194,236983.4098,56787
1405,MYCTH_2090388,237466.0857,54093
1406,MYCTH_2308826,237821.3987,54583
1407,MYCTH_2298566,238461.9546,37721
1408,MYCTH_56853,238530.5282,55660
1409,MYCTH_2304032,239076.2064,16101
1410,MYCTH_2307426,239266.7932,43226
1411,MYCTH_2315100,239728.7612,35638
1412,MYCTH_2135496,240421.0411,49063
1413,MYCTH_2301500,242032.1596,37430
1414,MYCTH_2297552,242094.6353,18606
1415,MYCTH_2308301,242190.2613,14065
1416,MYCTH_2136712,242871.5622,68382
1417,MYCTH_2055104,243389.883,48060
1418,MYCTH_2301266,243425.6666,45820
1419,MYCTH_2313125,243931.7639,102711
1420,MYCTH_109620,244766.6762,53785
1421,MYCTH_2298622,245044.7955,100708
1422,MYCTH_2296256,247001.0548,77780
1423,MYCTH_2295915,247246.5227,34671
1424,MYCTH_2316492,247748.2406,58300
1425,MYCTH_100127,248259.7152,11685
1426,MYCTH_2304617,248935.3616,63291
1427,MYCTH_2313562,249070.62399999998,53234
1428,MYCTH_75197,250216.4733,39606
1429,MYCTH_2314691,250383.8882,52232
1430,MYCTH_2296287,251469.9228,29631
1431,MYCTH_2296847,251893.1165,37375
1432,MYCTH_2315519,251966.0972,38529
1433,MYCTH_2298745,251972.7772,29493
1434,MYCTH_2115074,252672.2608,8984
1435,MYCTH_2304848,253558.9221,53982
1436,MYCTH_2062826,253594.9828,21913
1437,MYCTH_2127855,253809.7949,16689
1438,MYCTH_2310900,253866.8933,40165
1439,MYCTH_2298309,254115.7428,34836
1440,MYCTH_2311368,254827.0342,59261
1441,MYCTH_2310064,256851.5344,26439
1442,MYCTH_2309838,256852.6431,41292
1443,MYCTH_140260,256933.9114,220913
1444,MYCTH_2301009,257295.0452,12629
1445,MYCTH_2307444,258560.4687,50073
1446,MYCTH_2308335,260905.52399999998,60898
1447,MYCTH_2301334,260949.5951,73029
1448,MYCTH_2304655,261619.7812,61050
1449,MYCTH_2304268,261789.4412,57729
1450,MYCTH_2310508,261991.5032,41306
1451,MYCTH_2311488,262138.6564,60190
1452,MYCTH_2301053,262942.22,111018
1453,MYCTH_2303370,263470.7964,10687
1454,MYCTH_2308457,265120.8028,25336
1455,MYCTH_2308306,265282.0921,57013
1456,MYCTH_2295642,265468.0778,81468
1457,MYCTH_2311703,266205.2298,37659
1458,MYCTH_2299879,266922.7577,11160
1459,MYCTH_2296798,268344.6753,66787
1460,MYCTH_2309802,268943.3774,132709
1461,MYCTH_2304598,269129.3631,24026
1462,MYCTH_2296513,271533.5957,43801
1463,MYCTH_2303449,271632.5479,60060
1464,MYCTH_2311557,271682.5506,60787
1465,MYCTH_2054219,272030.0196,41735
1466,MYCTH_2301453,272043.0469,36348
1467,MYCTH_2304079,272125.8396,35757
1468,MYCTH_2315190,272756.2231,65362
1469,MYCTH_2294250,274268.5835,79499
1470,MYCTH_2308717,274932.6163,63066
1471,MYCTH_53288,275945.9751,37345
1472,MYCTH_2299217,276221.4889,30341
1473,MYCTH_2301882,276398.4941,55631
1474,MYCTH_41800,276676.3363,57815
1475,MYCTH_2081200,276930.7847,14676
1476,MYCTH_2314839,277158.0697,15724
1477,MYCTH_2295862,277652.5534,35197
1478,MYCTH_2312869,278878.5069,40022
1479,MYCTH_2294947,280347.0733,134991
1480,MYCTH_2305611,280584.2536,52047
1481,MYCTH_2298909,282742.0759,81266
1482,MYCTH_2312159,283586.2182,453036
1483,MYCTH_2296370,283652.2418,31194
1484,MYCTH_2307775,284660.4174,20000
1485,MYCTH_2308165,285019.0843,81520
1486,MYCTH_2310800,285057.0575,31672
1487,MYCTH_2316610,288397.0394,47736
1488,MYCTH_2140530,289240.9877,83023
1489,MYCTH_2298945,290059.79600000003,24356
1490,MYCTH_2304053,290667.9499,10916
1491,MYCTH_2300442,290905.7677,117693
1492,MYCTH_2092688,291108.8275,75214
1493,MYCTH_2315552,292812.4677,16298
1494,MYCTH_2301840,293288.3805,70065
1495,MYCTH_2306141,294206.6122,27939
1496,MYCTH_2297802,294841.4027,66645
1497,MYCTH_2315211,295348.3593,19422
1498,MYCTH_2295750,296586.7304,55672
1499,MYCTH_2302797,296740.0646,11637
1500,MYCTH_2296570,297302.7338,45715
1501,MYCTH_102652,297313.8208,11755
1502,MYCTH_2311420,297762.8475,44364
1503,MYCTH_2295280,298047.9516,36634
1504,MYCTH_2088125,298519.5404,23450
1505,MYCTH_2295204,299475.88399999996,110629
1506,MYCTH_2296066,299494.1499,50326
1507,MYCTH_2311348,299873.5497,95654
1508,MYCTH_2309698,300370.6942,59496
1509,MYCTH_2294835,301868.392,68662
1510,MYCTH_2305009,302048.0026,131565
1511,MYCTH_2300189,303882.9138,55653
1512,MYCTH_66289,306307.1031,25492
1513,MYCTH_2296164,306993.11600000004,43242
1514,MYCTH_2141088,307059.5553,189791
1515,MYCTH_114796,307408.8814,50008
1516,MYCTH_2306439,308659.5036,53919
1517,MYCTH_2302024,309432.3837,105672
1518,MYCTH_2296784,309797.1486,251296
1519,MYCTH_2298199,311106.4215,13614
1520,MYCTH_2301226,311768.7357,181341
1521,MYCTH_109533,315226.3237,37022
1522,MYCTH_2298271,316136.351,43991
1523,MYCTH_2300729,316167.672,86553
1524,MYCTH_2311953,316264.1573,50729
1525,MYCTH_2310036,316894.9565,45338
1526,MYCTH_2073591,317024.7584,37242
1527,MYCTH_2076503,317156.0571,43884
1528,MYCTH_2314890,318071.5448,39577
1529,MYCTH_2298783,318080.4699,35288
1530,MYCTH_2297460,318286.1074,37671
1531,MYCTH_2141012,318601.0358,35128
1532,MYCTH_2295355,319432.2617,26280
1533,MYCTH_2295827,319839.8781,18822
1534,MYCTH_2302782,320752.1782,57576
1535,MYCTH_2301203,321509.1484,26940
1536,MYCTH_2094326,322549.0053,53322
1537,MYCTH_2295173,323269.2772,72251
1538,MYCTH_2309470,323403.0982,37703
1539,MYCTH_2300478,323547.3688,31446
1540,MYCTH_2303024,324010.67,44085
1541,MYCTH_2311000,324154.8297,30226
1542,MYCTH_2314506,324564.9962,35840
1543,MYCTH_2299177,324583.6224,120136
1544,MYCTH_2300398,324774.8468,35172
1545,MYCTH_2297718,325860.5488,41207
1546,MYCTH_2296698,325904.8971,31753
1547,MYCTH_2294791,325929.843,33640
1548,MYCTH_2313329,326585.5327,66681
1549,MYCTH_2309800,327130.5734,11249
1550,MYCTH_2305258,328012.5781,67726
1551,MYCTH_2301648,328451.7649,84144
1552,MYCTH_2304529,330911.2666,53807
1553,MYCTH_68509,331114.6313,66693
1554,MYCTH_2309890,331846.6832,96379
1555,MYCTH_2310099,332965.3416,51996
1556,MYCTH_61543,335222.5318,34419
1557,MYCTH_86143,336900.5054,45715
1558,MYCTH_2297273,336919.5752,43324
1559,MYCTH_2302150,338344.32,31551
1560,MYCTH_2295069,339088.1797,69656
1561,MYCTH_2029952,339666.4539,22770
1562,MYCTH_71063,339799.4988,40416
1563,MYCTH_2089163,343257.0591,38974
1564,MYCTH_2295666,343637.62299999996,39367
1565,MYCTH_2312201,348817.4498,18263
1566,MYCTH_2296465,351950.9349,11140
1567,MYCTH_2076770,352497.2506,15519
1568,MYCTH_2311342,352539.6864,35656
1569,MYCTH_110817,352696.4576,11301
1570,MYCTH_2303804,354892.3363,66868
1571,MYCTH_2080506,356600.05100000004,57089
1572,MYCTH_2296265,356899.4575,12390
1573,MYCTH_2314882,357025.37899999996,38484
1574,MYCTH_2301968,358240.5503,65783
1575,MYCTH_2304704,358249.7803,61956
1576,MYCTH_2309854,358273.8947,84595
1577,MYCTH_2307127,358778.3844,41360
1578,MYCTH_2300802,360999.0427,29536
1579,MYCTH_2314155,361599.3802,32489
1580,MYCTH_2066239,363178.2631,19963
1581,MYCTH_79885,363946.7915,102237
1582,MYCTH_2301561,365167.6727,59429
1583,MYCTH_2306733,367223.9097,230328
1584,MYCTH_2300761,367438.4723,118494
1585,MYCTH_2295056,369016.9949,23580
1586,MYCTH_2301978,369346.6414,115647
1587,MYCTH_2295939,369369.7302,122860
1588,MYCTH_2298190,370125.564,64223
1589,MYCTH_2312551,370922.0318,48684
1590,MYCTH_2071423,371615.4453,96871
1591,MYCTH_2304302,372135.5124,48478
1592,MYCTH_2303011,372499.7229,39980
1593,MYCTH_2119434,373763.9268,118225
1594,MYCTH_2304670,373998.3353,39655
1595,MYCTH_2306357,374332.971,75817
1596,MYCTH_2314662,374805.5576,15680
1597,MYCTH_2299719,375539.7161,23623
1598,MYCTH_2299427,375856.6125,36333
1599,MYCTH_2301089,376183.3209,101792
1600,MYCTH_2145069,376813.5658,23711
1601,MYCTH_2305668,377309.0473,152311
1602,MYCTH_2312913,377617.9055,45603
1603,MYCTH_74969,377986.4122,17953
1604,MYCTH_2305118,379296.9324,40848
1605,MYCTH_112014,382428.2,39452
1606,MYCTH_2297977,383083.9175,20415
1607,MYCTH_2294210,383319.3793,53012
1608,MYCTH_2310644,386889.9446,157315
1609,MYCTH_2131805,387603.9246,43323
1610,MYCTH_2311494,389197.6919,43459
1611,MYCTH_2294755,389209.0284,64783
1612,MYCTH_2313667,389614.0116,35743
1613,MYCTH_2296073,389708.8061,28538
1614,MYCTH_2303482,390191.8701,59586
1615,MYCTH_80104,391822.2801,61231
1616,MYCTH_2296151,392187.0172,70410
1617,MYCTH_2295833,394044.9341,42195
1618,MYCTH_2308649,394275.573,112374
1619,MYCTH_2310881,396200.9271,109007
1620,MYCTH_109377,396242.3096,204253
1621,MYCTH_2316331,396559.5108,19655
1622,MYCTH_2313591,396698.3765,19504
1623,MYCTH_2074210,397388.2421,100582
1624,MYCTH_2307409,399231.4963,91953
1625,MYCTH_2302623,399769.8293,87842
1626,MYCTH_2312856,400229.749,114157
1627,MYCTH_2304728,401172.8712,19616
1628,MYCTH_2313107,401278.725,100686
1629,MYCTH_2302119,401731.9093,91525
1630,MYCTH_2039818,402191.4686,16049
1631,MYCTH_2308582,402857.7465,32639
1632,MYCTH_2075999,402963.1569,40830
1633,MYCTH_67060,403517.7602,63550
1634,MYCTH_2295870,405188.1114,44095
1635,MYCTH_2312287,409132.6439,31876
1636,MYCTH_2302176,410297.8125,135222
1637,MYCTH_2312538,411264.855,85179
1638,MYCTH_2296480,412289.9384,88364
1639,MYCTH_76403,413079.9204,71616
1640,MYCTH_2299023,414228.3198,245993
1641,MYCTH_2306020,415604.3369,94813
1642,MYCTH_2096708,418937.6665,21608
1643,MYCTH_2306994,420841.8719,32851
1644,MYCTH_2296345,421555.8242,57369
1645,MYCTH_2295392,422430.4005,119672
1646,MYCTH_2033463,424401.1007,19291
1647,MYCTH_73461,424952.1284,117654
1648,MYCTH_2294664,425164.5014,88376
1649,MYCTH_2300844,425516.7378,23003
1650,MYCTH_2298479,427609.1741,96062
1651,MYCTH_2307628,428138.0831,30974
1652,MYCTH_2302354,430928.5894,108146
1653,MYCTH_2306895,432234.8688,78737
1654,MYCTH_2061176,432527.5122,9861
1655,MYCTH_2310989,434267.1022,25959
1656,MYCTH_2073197,437129.3419,21957
1657,MYCTH_2314244,437691.4845,22561
1658,MYCTH_2303016,438470.8782,49004
1659,MYCTH_2311879,438813.7461,29967
1660,MYCTH_2309166,439105.059,103456
1661,MYCTH_2302986,439207.559,10348
1662,MYCTH_2299676,439707.0873,29449
1663,MYCTH_2308003,442340.9609,33359
1664,MYCTH_2304164,445340.6804,54345
1665,MYCTH_2313783,446145.9071,43610
1666,MYCTH_2306123,450967.9539,89755
1667,MYCTH_2302899,455206.8482,46922
1668,MYCTH_2299157,457491.867,21366
1669,MYCTH_94504,457958.3558,31377
1670,MYCTH_2313014,458158.0895,52953
1671,MYCTH_2305086,458209.4781,37919
1672,MYCTH_113985,460221.7825,25498
1673,MYCTH_2304102,460281.2369,38475
1674,MYCTH_2295490,462549.7914,102221
1675,MYCTH_2299551,465905.1566,51326
1676,MYCTH_115096,467608.2702,40096
1677,MYCTH_2310250,470331.2562,35534
1678,MYCTH_2301594,472192.0835,73179
1679,MYCTH_2299037,472462.1924,26658
1680,MYCTH_2314458,474455.0944,13234
1681,MYCTH_2296978,478358.0226,48309
1682,MYCTH_2302646,479978.4543,68971
1683,MYCTH_2310196,480492.8392,38314
1684,MYCTH_2058974,480736.644,51410
1685,MYCTH_2314646,481239.5815,34974
1686,MYCTH_2314933,485528.3123,11646
1687,MYCTH_2094697,490325.9675,55532
1688,MYCTH_2303193,490567.1115,47116
1689,MYCTH_2307107,492383.5072,65193
1690,MYCTH_2314075,492436.3926,29962
1691,MYCTH_2144800,493065.30700000003,63962
1692,MYCTH_2306260,494398.8052,36827
1693,MYCTH_2296769,499302.0926,33618
1694,MYCTH_80581,501803.3093,40043
1695,MYCTH_2299583,506663.5789,147223
1696,MYCTH_2313931,507123.74799999996,56673
1697,MYCTH_2312932,507658.3946,22511
1698,MYCTH_2310901,508265.6892,17668
1699,MYCTH_2294077,508456.8581,53222
1700,MYCTH_2315969,511202.1846,27315
1701,MYCTH_106768,511329.0485,22813
1702,MYCTH_2301159,511939.1426,60681
1703,MYCTH_2316574,513091.3393,26151
1704,MYCTH_2311062,515163.51399999997,52537
1705,MYCTH_2087474,515883.4533,57429
1706,MYCTH_76670,516864.2715,46599
1707,MYCTH_2311647,518135.1277,9885
1708,MYCTH_2300575,519228.2303,60047
1709,MYCTH_2296246,523414.7936,76663
1710,MYCTH_2314176,524246.1304,71255
1711,MYCTH_2309873,524287.6237,38969
1712,MYCTH_2314855,525687.3117,36732
1713,MYCTH_2297256,527947.0409,51107
1714,MYCTH_83048,530065.9309,41803
1715,MYCTH_2304883,531118.0945,26462
1716,MYCTH_2295155,531497.0785,45904
1717,MYCTH_2095610,532436.9023,41039
1718,MYCTH_2138041,532583.5843,42261
1719,MYCTH_111934,534065.2058,51243
1720,MYCTH_2296128,536380.8249,21197
1721,MYCTH_2301066,537198.4968,70346
1722,MYCTH_2295825,538628.4803,42529
1723,MYCTH_2306101,539749.356,76184
1724,MYCTH_2302556,540605.1952,36205
1725,MYCTH_2085895,543404.2386,42323
1726,MYCTH_2300457,544783.6649,52507
1727,MYCTH_2300637,550442.8692,13898
1728,MYCTH_2316726,550880.5316,30281
1729,MYCTH_108781,551058.202,16049
1730,MYCTH_2313029,552019.6733,36322
1731,MYCTH_66338,552859.2144,59997
1732,MYCTH_2301102,553892.8903,18696
1733,MYCTH_2304758,553982.4462,56714
1734,MYCTH_2311419,554153.5752,60118
1735,MYCTH_112442,554520.1417,31077
1736,MYCTH_2296210,554829.2217,57255
1737,MYCTH_2299521,556123.0835,74014
1738,MYCTH_2314800,557619.2568,26079
1739,MYCTH_110187,561515.1170000001,59745
1740,MYCTH_2315114,564934.5377,28165
1741,MYCTH_2298121,566489.1122,96436
1742,MYCTH_80312,566841.4872,32367
1743,MYCTH_2306029,566966.5772,72201
1744,MYCTH_2310072,567929.4898,109194
1745,MYCTH_2305407,572032.4565,83807
1746,MYCTH_2294860,573685.9277,61227
1747,MYCTH_77465,574617.7134,76111
1748,MYCTH_2316706,576392.7266,21590
1749,MYCTH_112850,577531.3694,83980
1750,MYCTH_41366,579197.3413,56699
1751,MYCTH_2307328,583682.8953,52431
1752,MYCTH_2309018,584184.1698,25100
1753,MYCTH_2145431,584749.4167,49807
1754,MYCTH_2313632,586972.0152,22791
1755,MYCTH_2310824,593074.37,43056
1756,MYCTH_2311083,594227.4814,116309
1757,MYCTH_110022,595784.301,34587
1758,MYCTH_2294734,596097.2337,32596
1759,MYCTH_2313485,596485.8357,20530
1760,MYCTH_2306314,596783.4683,37417
1761,MYCTH_44554,602748.6482,13485
1762,MYCTH_2313212,604151.0803,76849
1763,MYCTH_2115071,606648.5274,73968
1764,MYCTH_2305470,607006.9172,32343
1765,MYCTH_2314785,608400.0084,33154
1766,MYCTH_2302217,610562.1269,38022
1767,MYCTH_2295068,611410.2883,55924
1768,MYCTH_2084627,612384.4266,38637
1769,MYCTH_2297565,612829.9608,9390
1770,MYCTH_2308893,612889.2489,61162
1771,MYCTH_2297052,614221.0008,16825
1772,MYCTH_2316262,614869.5948,33122
1773,MYCTH_2305783,617557.5457,58367
1774,MYCTH_2309630,620184.4622,51335
1775,MYCTH_54709,623562.1679,66171
1776,MYCTH_2294490,626462.5194,45648
1777,MYCTH_2297201,632695.868,87487
1778,MYCTH_2308929,633495.3571,57110
1779,MYCTH_2308426,634098.2723,28856
1780,MYCTH_107891,635119.5584,93348
1781,MYCTH_76680,637088.346,59762
1782,MYCTH_2312474,638470.3778,170296
1783,MYCTH_2315892,639236.4394,22546
1784,MYCTH_2310610,643082.0197,25133
1785,MYCTH_2299099,647951.4915,35233
1786,MYCTH_2299125,648946.0023,36066
1787,MYCTH_2299088,649174.6732,56598
1788,MYCTH_2309321,649641.9935,81707
1789,MYCTH_2310869,652565.9328,19639
1790,MYCTH_2306279,655301.6967,71719
1791,MYCTH_2310492,657000.1537,36760
1792,MYCTH_2295097,660077.4827,56828
1793,MYCTH_2309624,660277.2996,17442
1794,MYCTH_2296300,664431.5995,96658
1795,MYCTH_2308798,666119.8841,16540
1796,MYCTH_2306862,667931.2352,70568
1797,MYCTH_74373,668885.5277,78725
1798,MYCTH_2296723,669496.1761,53316
1799,MYCTH_2302478,669672.0116,68951
1800,MYCTH_2050660,669751.1789,36438
1801,MYCTH_2303561,670934.558,66151
1802,MYCTH_2306594,681579.9809999999,36423
1803,MYCTH_2307131,686140.9827,46479
1804,MYCTH_2307154,687050.3447,26358
1805,MYCTH_2306475,687364.5802,38954
1806,MYCTH_2307978,691049.7304,27668
1807,MYCTH_2294811,692071.6817,33889
1808,MYCTH_2087998,693906.8701,42316
1809,MYCTH_2301810,695806.3635,34769
1810,MYCTH_2312251,697058.0945,18871
1811,MYCTH_2091486,706884.0162,56169
1812,MYCTH_2138981,708706.4544,72271
1813,MYCTH_99103,709926.0883,61590
1814,MYCTH_2309275,710824.8345,43160
1815,MYCTH_2096434,711193.8401,60126
1816,MYCTH_2303826,711416.0251,61113
1817,MYCTH_2095260,712488.7552,47112
1818,MYCTH_2313342,721615.9694,21726
1819,MYCTH_2297085,723408.4725,45306
1820,MYCTH_74236,725464.072,98661
1821,MYCTH_78483,725479.8156,37382
1822,MYCTH_2298263,725764.9475,116175
1823,MYCTH_2117465,734443.9943,18064
1824,MYCTH_83864,735787.8035,37522
1825,MYCTH_2312374,736946.6247,80544
1826,MYCTH_2294943,740450.4181,29902
1827,MYCTH_2074408,740465.2471,20429
1828,MYCTH_2307636,750187.2829,289290
1829,MYCTH_98099,754242.4089,128571
1830,MYCTH_2303832,759203.7095,45856
1831,MYCTH_95158,759978.3635,53185
1832,MYCTH_2315557,762500.3963,40821
1833,MYCTH_2316564,765095.6038,11808
1834,MYCTH_2133332,766421.8953,65829
1835,MYCTH_2306813,767277.7622,46133
1836,MYCTH_2307549,770731.7192,63620
1837,MYCTH_2309971,774776.1185,32970
1838,MYCTH_2089267,776266.6651,74761
1839,MYCTH_89563,777223.2581,30712
1840,MYCTH_2306830,779566.0128,99466
1841,MYCTH_2295433,781689.9087,53673
1842,MYCTH_2311378,783892.5782,124251
1843,MYCTH_64380,787091.5324,62540
1844,MYCTH_2295737,787547.045,54697
1845,MYCTH_2304184,788846.3118,30377
1846,MYCTH_2312199,790264.7647,50867
1847,MYCTH_97365,797483.4494,37687
1848,MYCTH_2294727,809057.4983,45391
1849,MYCTH_2310909,809397.1232,19717
1850,MYCTH_2311637,811455.6607,47535
1851,MYCTH_2301817,815487.5593,51315
1852,MYCTH_2310435,820119.6568,47586
1853,MYCTH_2315082,821235.8482,19205
1854,MYCTH_39555,823171.6518,37122
1855,MYCTH_112471,825004.2347,42876
1856,MYCTH_108115,827205.4075,43746
1857,MYCTH_2301859,827753.7189,43720
1858,MYCTH_2306855,829972.1598,245379
1859,MYCTH_2303813,831454.9454,40582
1860,MYCTH_60294,832207.3422,49672
1861,MYCTH_2301702,837720.6682,44429
1862,MYCTH_2310672,838637.7081,43413
1863,MYCTH_2313535,840209.4398,30474
1864,MYCTH_2296974,840353.2946,27138
1865,MYCTH_2295242,840579.7481,41547
1866,MYCTH_2297503,841338.52,86112
1867,MYCTH_2301210,842147.8211,51812
1868,MYCTH_2312968,845134.9013,109632
1869,MYCTH_2307368,845452.0472,100370
1870,MYCTH_45669,851543.4811,9581
1871,MYCTH_2308377,852901.6479999999,125825
1872,MYCTH_109530,853479.7282,40364
1873,MYCTH_2296573,855068.6172,29164
1874,MYCTH_110651,858597.0793,31530
1875,MYCTH_2312501,866331.7567,37276
1876,MYCTH_2311518,868130.1082,98837
1877,MYCTH_2302815,868977.1054,20143
1878,MYCTH_2301014,871711.2894,55386
1879,MYCTH_2300157,877028.402,150127
1880,MYCTH_2312943,877267.2729999999,137464
1881,MYCTH_109870,878920.2453,57245
1882,MYCTH_2294574,879002.844,24646
1883,MYCTH_84992,881685.9166,22498
1884,MYCTH_2300482,882333.1247,126000
1885,MYCTH_2316652,884698.9405,32542
1886,MYCTH_2315937,885156.2547,38953
1887,MYCTH_2090568,886704.0661,18890
1888,MYCTH_2301478,888135.5463,22506
1889,MYCTH_2299259,888926.7478,88127
1890,MYCTH_2079097,889262.5476,47683
1891,MYCTH_2307003,889492.2719,126086
1892,MYCTH_2302907,897078.3824,27972
1893,MYCTH_2096092,901697.5357,96621
1894,MYCTH_2299794,903888.2035,121110
1895,MYCTH_2075498,905076.3223,36204
1896,MYCTH_2307420,905229.0468,64252
1897,MYCTH_2301401,909832.3733,59813
1898,MYCTH_2302383,914716.2306,45166
1899,MYCTH_2067689,916849.1070000001,15208
1900,MYCTH_2063277,918950.6347,29195
1901,MYCTH_2304802,919383.9952,56961
1902,MYCTH_2306107,919759.7695,51505
1903,MYCTH_2307074,920400.8797,7924
1904,MYCTH_2122605,922362.8766,42013
1905,MYCTH_2313759,922605.9053,21882
1906,MYCTH_2294243,923022.1419,25217
1907,MYCTH_2301275,929508.3589,29149
1908,MYCTH_113600,934906.6566,30978
1909,MYCTH_2304900,936400.5847,57113
1910,MYCTH_2306712,937874.9913,54920
1911,MYCTH_2296221,941020.0707,90681
1912,MYCTH_2314529,947324.1825,12085
1913,MYCTH_2314544,948993.6191,28126
1914,MYCTH_2309077,949150.7784,19516
1915,MYCTH_2304479,950026.9069,142235
1916,MYCTH_39983,951111.8051,48502
1917,MYCTH_2298614,951535.276,44989
1918,MYCTH_39101,953055.6745,29122
1919,MYCTH_2094933,954338.4493,60877
1920,MYCTH_2311543,956832.9584,22129
1921,MYCTH_2305886,957354.938,56657
1922,MYCTH_2086248,958692.0671,37120
1923,MYCTH_111030,959244.453,18532
1924,MYCTH_2313899,962119.0548,21788
1925,MYCTH_2314976,962984.1240000001,21393
1926,MYCTH_2298906,966797.33,100249
1927,MYCTH_2306421,968559.0109999999,132496
1928,MYCTH_2307475,970096.9549,72681
1929,MYCTH_74056,973782.6595,75480
1930,MYCTH_2303359,973860.2691,26123
1931,MYCTH_2310671,974732.9883,61482
1932,MYCTH_2303499,978774.7267,155020
1933,MYCTH_2303620,979258.4281,66995
1934,MYCTH_2312102,981129.2337,24147
1935,MYCTH_2301710,984245.811,9942
1936,MYCTH_2298984,984975.895,35486
1937,MYCTH_2091473,985852.6056,14457
1938,MYCTH_2304288,996052.6884,40834
1939,MYCTH_2299597,1000918.141,75862
1940,MYCTH_2311912,1002982.416,123619
1941,MYCTH_2315322,1004902.975,48908
1942,MYCTH_2297020,1008531.2209999999,36501
1943,MYCTH_2075489,1008872.426,19943
1944,MYCTH_2310300,1012056.9670000001,93116
1945,MYCTH_2310786,1012134.521,22132
1946,MYCTH_2304244,1015544.324,53654
1947,MYCTH_2312284,1015624.455,47539
1948,MYCTH_112889,1016011.672,29569
1949,MYCTH_2306158,1020164.503,48556
1950,MYCTH_77206,1020778.228,48358
1951,MYCTH_2309547,1022060.171,114977
1952,MYCTH_2079774,1022997.6390000001,21469
1953,MYCTH_112699,1023423.272,54412
1954,MYCTH_2297004,1025060.944,26624
1955,MYCTH_2088191,1026858.048,31400
1956,MYCTH_2295290,1027800.3940000001,38032
1957,MYCTH_2315436,1031658.475,68736
1958,MYCTH_2297779,1039771.0,57300
1959,MYCTH_2304021,1045179.747,39909
1960,MYCTH_2295414,1047129.215,16084
1961,MYCTH_2310132,1054769.375,35261
1962,MYCTH_2080102,1059120.998,69218
1963,MYCTH_2299195,1060096.938,26855
1964,MYCTH_2072388,1063542.524,44450
1965,MYCTH_2306309,1072262.51,33000
1966,MYCTH_2299636,1072508.92,38302
1967,MYCTH_2315847,1074148.976,37129
1968,MYCTH_2133968,1079687.525,29513
1969,MYCTH_2305340,1082579.866,27345
1970,MYCTH_2312523,1092423.278,33239
1971,MYCTH_2304122,1098797.488,20499
1972,MYCTH_2309724,1117539.636,25338
1973,MYCTH_2302731,1127570.946,14084
1974,MYCTH_71631,1128132.229,10751
1975,MYCTH_2142599,1129582.696,22945
1976,MYCTH_2299876,1131274.584,37853
1977,MYCTH_110532,1132365.275,20700
1978,MYCTH_70349,1133204.373,66525
1979,MYCTH_2074905,1139546.015,58084
1980,MYCTH_2315024,1140476.581,34290
1981,MYCTH_2300192,1142828.4270000001,37029
1982,MYCTH_2314521,1144682.047,17805
1983,MYCTH_2080603,1145637.061,48846
1984,MYCTH_2301585,1149312.5929999999,68481
1985,MYCTH_61858,1151300.3390000002,24203
1986,MYCTH_2087100,1151981.723,34965
1987,MYCTH_2298462,1152965.2859999998,106823
1988,MYCTH_99239,1161541.472,31503
1989,MYCTH_2308449,1161686.158,56847
1990,MYCTH_109542,1168802.482,41472
1991,MYCTH_2310678,1171093.987,45422
1992,MYCTH_112137,1174753.387,14196
1993,MYCTH_2301934,1176245.153,64371
1994,MYCTH_2311001,1184528.031,62281
1995,MYCTH_60238,1191630.69,22259
1996,MYCTH_39133,1193687.342,36697
1997,MYCTH_2307642,1193764.203,58539
1998,MYCTH_2298240,1196089.219,118934
1999,MYCTH_2302228,1198308.159,53360
2000,MYCTH_2296180,1200203.162,37613
2001,MYCTH_2312662,1209926.972,234576
2002,MYCTH_2301316,1210756.701,17471
2003,MYCTH_2302143,1225531.561,16672
2004,MYCTH_2302186,1227390.115,44603
2005,MYCTH_2311587,1233981.133,97096
2006,MYCTH_2294698,1234365.577,41354
2007,MYCTH_2304677,1234437.311,29896
2008,MYCTH_2304586,1243292.587,53858
2009,MYCTH_2311601,1245380.9479999999,66967
2010,MYCTH_2306385,1248693.961,59884
2011,MYCTH_2297338,1254947.183,81074
2012,MYCTH_2295902,1258349.28,36402
2013,MYCTH_2296109,1258737.162,104421
2014,MYCTH_2306866,1270229.748,52583
2015,MYCTH_2311910,1272092.238,49622
2016,MYCTH_2139409,1275095.312,51172
2017,MYCTH_2308927,1278861.037,21101
2018,MYCTH_75296,1285643.557,71596
2019,MYCTH_2295756,1295495.256,53148
2020,MYCTH_2302145,1298181.377,65327
2021,MYCTH_2314727,1302680.2079999999,43968
2022,MYCTH_2313891,1304253.215,8898
2023,MYCTH_2303613,1311174.267,83190
2024,MYCTH_2301503,1311682.0,147261
2025,MYCTH_2311433,1312662.485,52699
2026,MYCTH_2086520,1312936.863,51533
2027,MYCTH_86146,1319023.973,13966
2028,MYCTH_2297364,1319210.9840000002,57821
2029,MYCTH_2307634,1324500.989,166910
2030,MYCTH_2315630,1324894.0259999998,18926
2031,MYCTH_2295383,1332044.913,33164
2032,MYCTH_2306744,1333725.242,33519
2033,MYCTH_113886,1339329.122,39895
2034,MYCTH_2306112,1340405.6770000001,61731
2035,MYCTH_75107,1341041.244,18338
2036,MYCTH_2060364,1341983.812,73118
2037,MYCTH_2113541,1342643.604,39022
2038,MYCTH_80528,1351189.6609999998,74870
2039,MYCTH_2308737,1356521.741,43198
2040,MYCTH_2298102,1359904.879,45285
2041,MYCTH_2306339,1363144.44,70916
2042,MYCTH_2302498,1375741.5769999998,33294
2043,MYCTH_2305453,1376609.917,63578
2044,MYCTH_2315711,1377450.927,22535
2045,MYCTH_2308969,1378977.756,24833
2046,MYCTH_2307086,1382492.747,50727
2047,MYCTH_2313750,1386390.7140000002,51730
2048,MYCTH_2298487,1390851.322,51483
2049,MYCTH_2296800,1397775.9780000001,128703
2050,MYCTH_2300520,1399172.201,40480
2051,MYCTH_2297063,1404486.93,64203
2052,MYCTH_2300392,1410207.445,38927
2053,MYCTH_2308199,1410593.2480000001,27005
2054,MYCTH_2132657,1420221.875,41493
2055,MYCTH_2315781,1424832.1030000001,9649
2056,MYCTH_2308148,1427661.803,15426
2057,MYCTH_2315077,1428840.747,16112
2058,MYCTH_2295315,1444079.657,24434
2059,MYCTH_2297849,1447666.215,48434
2060,MYCTH_2293957,1448888.648,74595
2061,MYCTH_2082262,1449177.106,59508
2062,MYCTH_2309332,1452404.832,122099
2063,MYCTH_2294427,1463745.6919999998,34810
2064,MYCTH_2307379,1465479.904,15923
2065,MYCTH_2295174,1470933.0,13621
2066,MYCTH_2295514,1478655.093,42797
2067,MYCTH_2298663,1481121.414,36337
2068,MYCTH_112025,1481822.727,24746
2069,MYCTH_2306943,1488588.3380000002,37572
2070,MYCTH_2299715,1497523.4130000002,256099
2071,MYCTH_2075102,1500445.8830000001,55530
2072,MYCTH_2314609,1500863.949,29189
2073,MYCTH_2310556,1508583.8530000001,82071
2074,MYCTH_2308841,1512620.131,38002
2075,MYCTH_2300903,1515518.6530000002,26767
2076,MYCTH_2312181,1519796.38,56593
2077,MYCTH_2314986,1521191.384,49566
2078,MYCTH_84848,1525142.042,52738
2079,MYCTH_2310174,1528208.783,98713
2080,MYCTH_2301113,1530531.304,34301
2081,MYCTH_2301499,1541177.42,18590
2082,MYCTH_2298586,1563184.685,27896
2083,MYCTH_2298226,1572367.5280000002,118991
2084,MYCTH_2307770,1578880.105,50929
2085,MYCTH_2307146,1582401.638,46777
2086,MYCTH_2297473,1585632.994,63922
2087,MYCTH_2304594,1586548.315,75937
2088,MYCTH_2311970,1590636.7580000001,133955
2089,MYCTH_2300901,1592518.346,39846
2090,MYCTH_2310667,1627090.0680000002,62929
2091,MYCTH_2294062,1629035.2680000002,61562
2092,MYCTH_114376,1629792.571,78046
2093,MYCTH_72333,1632157.666,18627
2094,MYCTH_2299349,1636533.957,82837
2095,MYCTH_43671,1637440.658,36573
2096,MYCTH_2301470,1643278.8909999998,147105
2097,MYCTH_2301567,1650170.0080000001,16013
2098,MYCTH_71369,1654975.1469999999,14654
2099,MYCTH_2296450,1674874.2319999998,35620
2100,MYCTH_108501,1677066.674,135933
2101,MYCTH_2297818,1689257.165,97585
2102,MYCTH_71850,1689672.985,33982
2103,MYCTH_2310505,1690254.4440000001,114731
2104,MYCTH_2316294,1692932.78,24440
2105,MYCTH_2303566,1694625.582,48363
2106,MYCTH_2295253,1703029.3090000001,50769
2107,MYCTH_83025,1704537.1519999998,62864
2108,MYCTH_2302794,1713047.592,30374
2109,MYCTH_110717,1714479.128,16565
2110,MYCTH_112322,1723533.195,45948
2111,MYCTH_2295098,1730590.366,48872
2112,MYCTH_2145409,1731111.572,57794
2113,MYCTH_2301985,1736015.968,29099
2114,MYCTH_2304814,1740013.8569999998,59542
2115,MYCTH_2311723,1745036.0259999998,38581
2116,MYCTH_2300435,1755966.525,61692
2117,MYCTH_2294679,1761472.6719999998,71117
2118,MYCTH_2303755,1774970.301,31881
2119,MYCTH_2308195,1799024.573,59268
2120,MYCTH_2314934,1810976.969,25119
2121,MYCTH_2298064,1832246.638,57703
2122,MYCTH_2302341,1839822.3269999998,78033
2123,MYCTH_2314896,1848581.561,9149
2124,MYCTH_2315051,1857747.802,16170
2125,MYCTH_2307366,1862101.1430000002,37920
2126,MYCTH_2300433,1875477.4230000002,28704
2127,MYCTH_2296153,1876470.604,94439
2128,MYCTH_73070,1906730.8669999999,23886
2129,MYCTH_2135067,1920812.757,119511
2130,MYCTH_65137,1924845.543,16997
2131,MYCTH_2299397,1936583.57,40439
2132,MYCTH_2316558,1972442.0580000002,15777
2133,MYCTH_2298167,1972522.744,101266
2134,MYCTH_2297430,1986761.461,96979
2135,MYCTH_2310488,1997978.756,22515
2136,MYCTH_2312940,2004172.801,126809
2137,MYCTH_2301846,2004426.9719999998,40810
2138,MYCTH_111425,2019701.4430000002,27436
2139,MYCTH_2315602,2021816.303,29493
2140,MYCTH_2302064,2024381.021,20864
2141,MYCTH_2088454,2027595.719,40757
2142,MYCTH_2303522,2030029.5269999998,53980
2143,MYCTH_2307924,2031918.57,23804
2144,MYCTH_110640,2043619.3169999998,35894
2145,MYCTH_2308932,2053549.0690000001,85327
2146,MYCTH_2084531,2058636.291,54530
2147,MYCTH_2088473,2087669.104,18551
2148,MYCTH_76126,2090384.44,62423
2149,MYCTH_85068,2091435.495,46165
2150,MYCTH_2309291,2105605.915,63350
2151,MYCTH_2307982,2119354.861,39097
2152,MYCTH_2302804,2123604.8140000002,17643
2153,MYCTH_2307319,2125026.344,40497
2154,MYCTH_2095112,2150653.6780000003,15189
2155,MYCTH_2304829,2162122.705,10133
2156,MYCTH_108407,2183613.617,52153
2157,MYCTH_2303040,2189155.215,15568
2158,MYCTH_2312147,2190632.956,48214
2159,MYCTH_2297526,2192349.5409999997,19477
2160,MYCTH_2311921,2203927.913,59334
2161,MYCTH_2140896,2235010.5330000003,23591
2162,MYCTH_2062887,2236508.951,29643
2163,MYCTH_2314616,2241515.681,51335
2164,MYCTH_2312316,2243079.985,81576
2165,MYCTH_59591,2249715.794,17431
2166,MYCTH_2310252,2271621.307,40883
2167,MYCTH_2316445,2273248.752,15572
2168,MYCTH_68011,2325026.232,114451
2169,MYCTH_66068,2336159.569,48852
2170,MYCTH_2295190,2346508.829,31629
2171,MYCTH_2297853,2375228.7090000003,27684
2172,MYCTH_2297873,2379387.527,61598
2173,MYCTH_2295025,2397636.938,63024
2174,MYCTH_2308065,2398667.149,78225
2175,MYCTH_2294148,2416974.075,165704
2176,MYCTH_2298252,2433964.5209999997,22003
2177,MYCTH_2295005,2446361.176,63242
2178,MYCTH_2298018,2447271.6459999997,49231
2179,MYCTH_2312383,2448285.975,117592
2180,MYCTH_105847,2459689.865,42650
2181,MYCTH_2126152,2460880.506,52320
2182,MYCTH_2316731,2483969.1769999997,53408
2183,MYCTH_2313766,2487336.877,22313
2184,MYCTH_2296499,2516331.024,83153
2185,MYCTH_2299262,2539506.174,86570
2186,MYCTH_2307354,2583009.258,73809
2187,MYCTH_110931,2590911.793,40301
2188,MYCTH_2082917,2598615.371,47418
2189,MYCTH_2138853,2598920.543,32275
2190,MYCTH_2064349,2620705.069,23119
2191,MYCTH_2295992,2621919.991,98210
2192,MYCTH_2314274,2640711.616,8155
2193,MYCTH_2310228,2655796.1659999997,234422
2194,MYCTH_2297948,2672824.336,29639
2195,MYCTH_2141429,2691896.075,65068
2196,MYCTH_2304055,2696800.028,17026
2197,MYCTH_2300877,2713483.584,49034
2198,MYCTH_2136940,2715674.834,38467
2199,MYCTH_2296547,2738701.417,11267
2200,MYCTH_2294496,2810350.8189999997,53413
2201,MYCTH_2310232,2839159.035,204469
2202,MYCTH_2298494,2844955.941,63057
2203,MYCTH_2315649,2862660.478,24229
2204,MYCTH_2316112,2883831.8060000003,15350
2205,MYCTH_2295138,2888106.982,66487
2206,MYCTH_110821,2889320.795,42634
2207,MYCTH_2294821,2920945.795,12147
2208,MYCTH_2294321,2947051.148,50395
2209,MYCTH_2298711,2975979.05,69355
2210,MYCTH_2300033,3011174.643,39710
2211,MYCTH_110674,3034537.5519999997,37336
2212,MYCTH_2312390,3076182.0539999995,18522
2213,MYCTH_2312170,3076387.941,27353
2214,MYCTH_2310462,3084745.435,13628
2215,MYCTH_2067613,3088594.646,53041
2216,MYCTH_2295647,3124309.668,190792
2217,MYCTH_2313833,3148093.11,78095
2218,MYCTH_2090577,3160082.1210000003,67041
2219,MYCTH_80427,3168023.4060000004,102821
2220,MYCTH_2305001,3171546.075,45823
2221,MYCTH_2299907,3220855.655,27527
2222,MYCTH_2295261,3246864.0519999997,52636
2223,MYCTH_2295112,3248322.224,15864
2224,MYCTH_2303429,3299160.6010000003,97655
2225,MYCTH_2314126,3341167.622,38124
2226,MYCTH_2295040,3347586.9560000002,32800
2227,MYCTH_112136,3361981.668,14842
2228,MYCTH_2296536,3365743.5130000003,59946
2229,MYCTH_2315941,3394952.6939999997,56794
2230,MYCTH_2298071,3420801.105,61115
2231,MYCTH_2299388,3503352.7060000002,115284
2232,MYCTH_2297548,3530466.9839999997,18026
2233,MYCTH_2304568,3574886.525,14973
2234,MYCTH_2294959,3584144.789,58227
2235,MYCTH_2311591,3613815.7460000003,31584
2236,MYCTH_36979,3634161.973,7137
2237,MYCTH_2142488,3645822.751,14143
2238,MYCTH_2309210,3657167.602,54098
2239,MYCTH_2294840,3672809.0560000003,39762
2240,MYCTH_2315290,3680981.1180000002,24029
2241,MYCTH_2298922,3705767.248,31311
2242,MYCTH_2299664,3707124.999,49409
2243,MYCTH_2297263,3723080.55,40897
2244,MYCTH_2295350,3748890.267,40582
2245,MYCTH_2299213,3759911.625,51328
2246,MYCTH_2295945,3766983.988,33411
2247,MYCTH_2298230,3778392.59,15415
2248,MYCTH_111107,3814914.585,45293
2249,MYCTH_2302975,3828698.0110000004,38992
2250,MYCTH_2303413,3839635.107,16945
2251,MYCTH_2315354,3853899.74,32245
2252,MYCTH_2306966,3898939.3819999998,84900
2253,MYCTH_2309046,3901189.4480000003,28392
2254,MYCTH_2316205,3996587.147,54412
2255,MYCTH_2310867,4001730.3860000004,61592
2256,MYCTH_112612,4003961.438,47056
2257,MYCTH_2313219,4019386.7410000004,46318
2258,MYCTH_2309843,4026675.394,84449
2259,MYCTH_2315625,4151352.066,31654
2260,MYCTH_2145592,4156138.0519999997,22895
2261,MYCTH_2312947,4170347.111,50022
2262,MYCTH_2294878,4184446.38,13569
2263,MYCTH_2316525,4187116.7860000003,30148
2264,MYCTH_66349,4217888.191000001,48619
2265,MYCTH_2297518,4239185.052,16039
2266,MYCTH_2296428,4276575.248,13188
2267,MYCTH_2312962,4334881.547,23586
2268,MYCTH_2133056,4363047.074,44767
2269,MYCTH_2306723,4438522.016,49872
2270,MYCTH_2122073,4535942.052,21202
2271,MYCTH_2312808,4551748.509,72360
2272,MYCTH_2312253,4653364.173,44059
2273,MYCTH_2084736,4690302.183,57959
2274,MYCTH_2309198,4774300.287,40663
2275,MYCTH_2300549,4917865.79,14294
2276,MYCTH_2305811,4923190.359,99624
2277,MYCTH_2302076,4988741.037,46493
2278,MYCTH_2311966,5074582.728,10192
2279,MYCTH_2306437,5249503.815,53207
2280,MYCTH_2303426,5300734.119,16025
2281,MYCTH_2097501,5511491.216,73877
2282,MYCTH_2141486,5590106.572000001,24163
2283,MYCTH_2302705,5630341.851,30050
2284,MYCTH_60632,5642819.247,39508
2285,MYCTH_2295083,5746301.586,29522
2286,MYCTH_2312570,5753760.694,52506
2287,MYCTH_2315623,5851951.476,65627
2288,MYCTH_78218,5890453.54,34606
2289,MYCTH_75824,5954698.353999999,66916
2290,MYCTH_106819,5977620.775,57390
2291,MYCTH_2312789,6055568.467,46513
2292,MYCTH_2296183,6381103.25,101057
2293,MYCTH_2097570,6385034.561000001,60973
2294,MYCTH_2302271,6560758.047,39250
2295,MYCTH_57224,6587413.237000001,23021
2296,MYCTH_2298386,6673309.033,61140
2297,MYCTH_2313790,6705014.913,11274
2298,MYCTH_2295976,6934374.432999999,38667
2299,MYCTH_55576,6939038.101,37375
2300,MYCTH_2304931,6952727.092999999,27020
2301,MYCTH_59302,6972188.294,11173
2302,MYCTH_2114395,6992193.261,29925
2303,MYCTH_2311048,7056403.788,43941
2304,MYCTH_2315513,7256707.462,72519
2305,MYCTH_2308056,7296023.234,25398
2306,MYCTH_109566,7357988.351,55620
2307,MYCTH_2295692,7372267.978999999,127977
2308,MYCTH_2119688,7386951.399,110855
2309,MYCTH_2314321,7388397.153,45951
2310,MYCTH_2303180,7779513.464,20579
2311,MYCTH_2312065,8570147.317,16389
2312,MYCTH_2315429,8862047.042000001,44832
2313,MYCTH_2294895,9193484.667000001,104506
2314,MYCTH_2306456,9248183.592,54688
2315,MYCTH_2304464,9457187.627,90583
2316,MYCTH_2086391,9541770.076,72608
2317,MYCTH_2315249,9797590.928,28410
2318,MYCTH_2312579,10076407.9,99628
2319,MYCTH_86753,10175639.46,42385
2320,MYCTH_2301051,10265669.01,16728
2321,MYCTH_2297550,10388361.65,17560
2322,MYCTH_2300643,10474262.3,74922
2323,MYCTH_2294621,11021955.66,19941
2324,MYCTH_2296247,11442979.14,57129
2325,MYCTH_2314852,12887653.17,41623
2326,MYCTH_2309261,13276703.54,85283
2327,MYCTH_2309011,13704695.08,65585
2328,MYCTH_2316753,14071974.68,34000
2329,MYCTH_2307651,14318481.44,35136
2330,MYCTH_87219,15005036.55,20836
2331,MYCTH_2296305,15742250.93,64439
2332,MYCTH_2297820,17163987.27,35185
2333,MYCTH_2296005,17662221.9,55379
2334,MYCTH_2301963,18288676.16,12323
2335,MYCTH_2297659,18531781.08,22420
2336,MYCTH_2305043,18949881.31,86770
2337,MYCTH_2315052,19795005.04,34389
2338,MYCTH_2298136,20489188.18,49816
2339,MYCTH_2133483,21514775.56,79815
2340,MYCTH_112227,21683431.06,92732
2341,MYCTH_2303088,22264547.97,82314
2342,MYCTH_2095451,22444986.81,24989
2343,MYCTH_2305575,23697911.63,35236
2344,MYCTH_2297816,25718584.14,15916
2345,MYCTH_112686,25722245.06,70871
2346,MYCTH_2314164,26863255.26,93227
2347,MYCTH_2295989,34019308.5,47563
2348,MYCTH_112121,34050914.21,63736
2349,MYCTH_2088086,36846306.29,59548
2350,MYCTH_2316642,40718799.39,55553
2351,MYCTH_2316240,45602771.13,44478
2352,MYCTH_2311855,73626781.73,36313
