Reaction ID,DLKcat
R1745_num1,4724.9686
R1745_reverse_num1,4724.9686
R2074_num2,4724.9686
R2107,4724.9686
R926_num1,4724.9686
R927_num1,4724.9686
R928_num1,4724.9686
R930_num1,4724.9686
R35_num1,2916.2779
R1310,2745.368
R257,2318.1491
R258,2318.1491
R1745_num3,2295.054
R1745_reverse_num3,2295.054
R2074_num4,2295.054
R926_num3,2295.054
R927_num3,2295.054
R928_num3,2295.054
R929_num2,2295.054
R930_num3,2295.054
R134_num1,1557.1389
R1490,1557.1389
R1731_num2,1531.8866
R1732_num2,1531.8866
R1733_num2,1531.8866
R1775_num2,1531.8866
R1779_num2,1531.8866
R2026_num2,1531.8866
R282_num2,1531.8866
R1899_num2,1335.81
R1311,1256.8054
R1364,1256.8054
R1170,812.4229
R1170_reverse,812.4229
R1038,713.9443
R1042,713.9443
R1043,713.9443
R1242,600.2921
R1243_num1,600.2921
R1244_num1,600.2921
R89_num2,557.2147
R1115,554.9716
R1115_reverse,554.9716
R1116,554.9716
R1116_reverse,554.9716
R1117,554.9716
R1117_reverse,554.9716
R133_num2,372.295
R1660_num1,372.295
R1740_num1,372.295
R196_num1,372.295
R196_reverse_num1,372.295
R2040,372.295
R2040_reverse,372.295
R378_num1,372.295
R379_num1,372.295
R380_num1,372.295
R1464,368.7606
R1464_reverse,368.7606
R201,368.7606
R201_reverse,368.7606
R1004_num2,362.1301
R1004_reverse_num2,362.1301
R1033_num1,362.1301
R1033_reverse_num1,362.1301
R1823_num2,362.1301
R1823_reverse_num2,362.1301
R1824_num2,362.1301
R1824_reverse_num2,362.1301
R1891_num2,350.8452
R1892_num2,350.8452
R1896_num2,350.8452
R1899_num1,350.8452
R129,350.6412
R226,350.6412
R888_num2,350.6412
R917_num2,350.6412
R1258_num1,252.8732
R1258_reverse_num1,252.8732
R416_num1,252.8732
R416_reverse_num1,252.8732
R263,248.7106
R1298,241.9121
R1307,241.9121
R1349,241.9121
R1769,241.9121
R1769_reverse,241.9121
R1844,241.9121
R1844_reverse,241.9121
R339,241.9121
R340,241.9121
R1003_num2,228.6985
R1673,218.9007
R1258_num2,218.5894
R1258_reverse_num2,218.5894
R416_num2,218.5894
R416_reverse_num2,218.5894
R90,214.5521
R91,214.5521
R92,214.5521
R1407,198.9391
R1408,198.9391
R1309,177.1257
R35_num2,171.1963
R309,169.8829
R1308,164.3392
R754_num2,159.5801
R905_num1,157.5266
R905_reverse_num1,157.5266
R199_num3,156.2798
R753,153.2165
R753_reverse,153.2165
R2074_num1,152.6496
R850_num1,152.6496
R851_num1,152.6496
R440_num4,142.5136
R1571_num4,124.3739
R1572_num4,124.3739
R1593_num2,124.3739
R1593_reverse_num2,124.3739
R749,122.8861
R749_reverse,122.8861
R1241,121.4469
R938,121.4469
R1274,119.6434
R1274_reverse,119.6434
R1368,119.6434
R1314,118.0679
R1709,117.8271
R10_num9,116.9272
R10_reverse_num9,116.9272
R1039_num3,116.9272
R1041_num3,116.9272
R1041_reverse_num3,116.9272
R1977,116.9272
R1977_reverse,116.9272
R365_num2,116.9272
R438,116.9272
R438_reverse,116.9272
R736_num3,116.9272
R736_reverse_num3,116.9272
R737_num3,116.9272
R75_num3,116.9272
R80_num2,116.9272
R80_reverse_num2,116.9272
R84_num7,116.9272
R881_num3,116.9272
R149,116.3529
R62_num1,115.9353
R62_reverse_num1,115.9353
R277_num3,112.2752
R1263,105.8972
R285,105.8972
R1880,101.9826
R1767_num1,101.7894
R1100,100.9184
R860_num1,99.9788
R861_num1,99.9788
R10_num5,99.828
R10_reverse_num5,99.828
R1039_num2,99.828
R1041_num2,99.828
R1041_reverse_num2,99.828
R1185_num1,99.828
R1185_reverse_num1,99.828
R338_num1,99.828
R338_reverse_num1,99.828
R992_num1,99.828
R2008,94.9191
R816,94.9191
R1444,92.1718
R1662,90.1884
R1668,90.1884
R1668_reverse,90.1884
R2085,90.1884
R2085_reverse,90.1884
R300,90.1702
R300_reverse,90.1702
R302,90.1702
R302_reverse,90.1702
R304,90.1702
R304_reverse,90.1702
R306,90.1702
R306_reverse,90.1702
R318,90.1702
R320,90.1702
R1571_num11,90.1406
R1572_num11,90.1406
R1593_num8,90.1406
R1593_reverse_num8,90.1406
R1098_num2,85.3383
R1098_reverse_num2,85.3383
R1375,74.795
R1375_reverse,74.795
R1180_num2,71.4692
R1817_num2,71.4692
R2073,71.4692
R799,68.9539
R939,68.5533
R1692,67.6785
R2002_num1,66.5821
R2002_reverse_num1,66.5821
R1276,66.2377
R1279_num3,66.2377
R1283,66.2377
R1286_num3,66.2377
R1286_reverse_num3,66.2377
R1313,66.2377
R1326,66.2377
R1327,66.2377
R1327_reverse,66.2377
R1328,66.2377
R1328_reverse,66.2377
R1714,66.2377
R1714_reverse,66.2377
R1128,64.7212
R1129,64.7212
R241_num1,64.4697
R1012_num7,62.9956
R1012_reverse_num7,62.9956
R1188,62.9956
R1188_reverse,62.9956
R1818,62.9956
R1818_reverse,62.9956
R220_num2,62.9956
R220_reverse_num2,62.9956
R247_num6,62.9956
R247_reverse_num6,62.9956
R250,62.9956
R250_reverse,62.9956
R404_num2,62.9956
R404_reverse_num2,62.9956
R412,62.9956
R412_reverse,62.9956
R422_num2,62.9956
R422_reverse_num2,62.9956
R945_num6,62.9956
R1334,60.4651
R1181,59.9397
R1731_num1,59.9397
R1732_num1,59.9397
R1733_num1,59.9397
R1775_num1,59.9397
R1779_num1,59.9397
R2026_num1,59.9397
R2103,59.9397
R282_num1,59.9397
R891,59.9397
R1073,59.3368
R1076,59.3368
R1118,57.881
R1118_reverse,57.881
R1003_num1,57.6538
R1033_num2,57.6538
R1033_reverse_num2,57.6538
R67,56.9617
R1690_num1,56.0975
R1690_reverse_num1,56.0975
R114_num2,56.0116
R1251_num2,56.0116
R1968,55.3996
R733_num1,55.2309
R744,55.2309
R744_reverse,55.2309
R81_num1,55.2309
R81_reverse_num1,55.2309
R83_num1,55.2309
R718,52.4273
R719,52.4273
R724,52.4273
R724_reverse,52.4273
R139_num1,52.3728
R1682_num1,52.3728
R1684,52.3728
R288_num1,52.3728
R53_num2,52.0713
R53_reverse_num2,52.0713
R107,51.8056
R22_num1,51.8056
R259_num1,51.8056
R260_num1,51.8056
R619_num1,51.8056
R796_num1,51.8056
R1179_num3,51.2675
R1179_reverse_num3,51.2675
R1451_num2,51.2675
R146_num7,51.2675
R1470,51.2675
R1756_num7,51.2675
R1757_num4,51.2675
R1843_num7,51.2675
R1843_reverse_num7,51.2675
R2116_num7,51.2675
R223_num7,51.2675
R230_num7,51.2675
R283_num6,51.2675
R284_num6,51.2675
R31_num6,51.2675
R32_num6,51.2675
R33_num6,51.2675
R34_num3,51.2675
R364_num7,51.2675
R364_reverse_num7,51.2675
R78_num7,51.2675
R814_num6,51.2675
R899_num5,51.2675
R899_reverse_num5,51.2675
R1571_num10,50.3319
R1572_num10,50.3319
R1593_num7,50.3319
R1593_reverse_num7,50.3319
R742,49.6318
R1292,49.1855
R1292_reverse,49.1855
R1293,49.1855
R1293_reverse,49.1855
R1295,49.1855
R1296,49.1855
R1300,49.1855
R1304,49.1855
R1304_reverse,49.1855
R1306,49.1855
R1319,49.1855
R1320,49.1855
R1321,49.1855
R1397,49.1855
R1399,49.1855
R1578_num1,49.1855
R425,49.1855
R1336_num2,46.609
R1783,46.3219
R40,46.1795
R40_reverse,46.1795
R1454_num4,43.3549
R161_num2,42.9313
R164_num3,42.9313
R166_num2,42.9313
R166_num3,42.9313
R166_num4,42.9313
R167_num2,42.9313
R167_num3,42.9313
R167_num4,42.9313
R168_num2,42.9313
R168_num3,42.9313
R169_num2,42.9313
R169_num3,42.9313
R2109_num2,42.9313
R1677_num2,42.4398
R1677_reverse_num2,42.4398
R1678_num2,42.4398
R1678_reverse_num2,42.4398
R1593_num6,41.7717
R1593_reverse_num6,41.7717
R1278,40.8509
R1284,40.8509
R1383,40.8509
R1384,40.8509
R447,40.8509
R2108_num2,40.7721
R2108_reverse_num2,40.7721
R234_num2,40.5073
R1074_num2,40.3473
R1077_num2,40.3473
R2120,40.3473
R2120_reverse,40.3473
R114_num1,40.0681
R1251_num1,40.0681
R424,39.9916
R1245,39.7544
R1246,39.7544
R1246_reverse,39.7544
R2108_num3,39.7544
R2108_reverse_num3,39.7544
R292_num5,39.7544
R292_reverse_num5,39.7544
R312,39.7544
R312_reverse,39.7544
R460_num2,39.7544
R638_num5,39.7544
R638_reverse_num5,39.7544
R639_num2,39.7544
R639_reverse_num2,39.7544
R640_num2,39.7544
R640_reverse_num2,39.7544
R654_num5,39.7544
R655_num2,39.7544
R657_num2,39.7544
R659_num5,39.7544
R660_num2,39.7544
R662_num5,39.7544
R663_num2,39.7544
R665_num5,39.7544
R666_num2,39.7544
R668_num5,39.7544
R669_num2,39.7544
R671_num5,39.7544
R672_num2,39.7544
R674_num5,39.7544
R675_num2,39.7544
R677_num5,39.7544
R678_num2,39.7544
R680_num5,39.7544
R681_num2,39.7544
R691_num5,39.7544
R692_num2,39.7544
R692_reverse_num2,39.7544
R694_num5,39.7544
R695_num2,39.7544
R697_num5,39.7544
R697_reverse_num5,39.7544
R698_num2,39.7544
R698_reverse_num2,39.7544
R700_num5,39.7544
R701_num2,39.7544
R703_num5,39.7544
R703_reverse_num5,39.7544
R704_num2,39.7544
R706_num5,39.7544
R707_num2,39.7544
R707_reverse_num2,39.7544
R98_num5,39.7544
R98_reverse_num5,39.7544
R1571_num17,38.4421
R1571_num18,38.4421
R1572_num17,38.4421
R1572_num18,38.4421
R1593_num13,38.4421
R1593_reverse_num13,38.4421
R1555,37.8993
R1555_reverse,37.8993
R2101,37.8993
R2113,37.8993
R904,36.8018
R1098_num3,35.1501
R1098_reverse_num3,35.1501
R854_num2,34.4272
R862_num2,34.4272
R1861_num1,34.3312
R1862_num1,34.3312
R1887_num2,34.3312
R1040,33.6233
R77,33.5845
R98_num7,33.5845
R98_reverse_num7,33.5845
R11_num6,33.1524
R804_num6,33.1524
R1575_num1,31.9144
R1581_num4,31.9144
R1582_num4,31.9144
R1595_num1,31.9144
R1596,31.9144
R2044_num4,31.9144
R786_num4,31.9144
R789_num2,31.9144
R789_reverse_num2,31.9144
R395_num2,31.6794
R395_reverse_num2,31.6794
R433,31.6794
R1575_num5,30.8912
R1590_num3,30.8912
R1592_num3,30.8912
R1592_reverse_num3,30.8912
R751,30.2719
R833_num1,30.2719
R111,28.888
R111_reverse,28.888
R2078,28.7167
R2078_reverse,28.7167
R1346_num2,28.6398
R1353_num2,28.6398
R1363,28.6398
R1365_num2,28.6398
R1431_num2,28.6398
R1432_num2,28.6398
R1433_num2,28.6398
R1434_num2,28.6398
R1436_num2,28.6398
R1820,28.6398
R1821,28.6398
R2075_num2,28.6398
R2075_reverse_num2,28.6398
R2122_num1,28.6398
R1362,28.5158
R1192_num4,28.4413
R1192_reverse_num4,28.4413
R1194_num6,28.4413
R1195_num6,28.4413
R1196_num6,28.4413
R1197_num6,28.4413
R1198_num6,28.4413
R1199_num6,28.4413
R1200_num6,28.4413
R281,28.2069
R792,28.2069
R792_reverse,28.2069
R1571_num8,28.1727
R1572_num8,28.1727
R1593_num5,28.1727
R1593_reverse_num5,28.1727
R1494_num3,27.4548
R1707_num3,27.4548
R1720_num3,27.4548
R198_num7,27.4548
R28_num3,27.4548
R54,27.3745
R54_reverse,27.3745
R1749,26.9218
R1749_reverse,26.9218
R1761,26.9218
R1597,26.9061
R1597_reverse,26.9061
R52,26.9061
R52_reverse,26.9061
R866,26.777
R875,26.777
R876,26.777
R159,26.7472
R159_reverse,26.7472
R164_num1,26.7472
R165_num1,26.7472
R166_num1,26.7472
R167_num1,26.7472
R168_num1,26.7472
R169_num1,26.7472
R837_num2,26.1472
R839_num2,26.1472
R842_num2,26.1472
R845_num2,26.1472
R158_num2,25.5671
R158_reverse_num2,25.5671
R3,25.5671
R3_reverse,25.5671
R4,25.5671
R4_reverse,25.5671
R5,25.5671
R5_reverse,25.5671
R759,25.5671
R759_reverse,25.5671
R782_num2,25.5671
R782_reverse_num2,25.5671
R261_num1,25.4575
R2060,25.3986
R331,25.3986
R801_num2,25.3392
R1367,25.0534
R50,24.2099
R50_reverse,24.2099
R796_num3,23.8941
R13,23.7012
R14,23.7012
R2157,23.7012
R2547_num1,23.7012
R414,23.5629
R1861_num2,23.2835
R1862_num2,23.2835
R1887_num1,23.2835
R235,23.1399
R1136_num1,22.7356
R1136_reverse_num1,22.7356
R1137_num1,22.7356
R1137_reverse_num1,22.7356
R1138_num1,22.7356
R1138_reverse_num1,22.7356
R1139_num1,22.7356
R1139_reverse_num1,22.7356
R1140_num1,22.7356
R1140_reverse_num1,22.7356
R1141_num1,22.7356
R1141_reverse_num1,22.7356
R1142_num1,22.7356
R1142_reverse_num1,22.7356
R1143_num1,22.7356
R1143_reverse_num1,22.7356
R1144_num1,22.7356
R1144_reverse_num1,22.7356
R1145_num1,22.7356
R1145_reverse_num1,22.7356
R1146_num1,22.7356
R1146_reverse_num1,22.7356
R1147_num1,22.7356
R1147_reverse_num1,22.7356
R1148_num1,22.7356
R1148_reverse_num1,22.7356
R1149_num1,22.7356
R1149_reverse_num1,22.7356
R1150_num1,22.7356
R1150_reverse_num1,22.7356
R1151_num1,22.7356
R1151_reverse_num1,22.7356
R1152_num1,22.7356
R1152_reverse_num1,22.7356
R1153_num1,22.7356
R1153_reverse_num1,22.7356
R1154_num1,22.7356
R1154_reverse_num1,22.7356
R1155_num1,22.7356
R1155_reverse_num1,22.7356
R1156_num1,22.7356
R1156_reverse_num1,22.7356
R1157_num1,22.7356
R1157_reverse_num1,22.7356
R1158_num1,22.7356
R1158_reverse_num1,22.7356
R1159_num1,22.7356
R1159_reverse_num1,22.7356
R1160_num1,22.7356
R1160_reverse_num1,22.7356
R1161_num1,22.7356
R1161_reverse_num1,22.7356
R1162_num1,22.7356
R1162_reverse_num1,22.7356
R1163_num1,22.7356
R1163_reverse_num1,22.7356
R1164_num1,22.7356
R1164_reverse_num1,22.7356
R1165_num1,22.7356
R1165_reverse_num1,22.7356
R1166_num1,22.7356
R1166_reverse_num1,22.7356
R1167_num1,22.7356
R1167_reverse_num1,22.7356
R1168_num1,22.7356
R1168_reverse_num1,22.7356
R1169_num1,22.7356
R1169_reverse_num1,22.7356
R1173_num1,22.7356
R1173_reverse_num1,22.7356
R1174_num1,22.7356
R1174_reverse_num1,22.7356
R26_num1,22.7356
R26_reverse_num1,22.7356
R27_num1,22.7356
R27_reverse_num1,22.7356
R1193_num3,22.5932
R42_num1,22.5518
R42_reverse_num1,22.5518
R68_num2,22.4565
R68_reverse_num2,22.4565
R51,22.3284
R51_reverse,22.3284
R805,22.1776
R815,22.1776
R1825,22.0737
R1834_num2,22.0737
R2069,22.0737
R336,22.0737
R457,22.0735
R958,22.0735
R958_reverse,22.0735
R960,22.0735
R1540_num3,21.41
R1591_num10,21.41
R1591_reverse_num10,21.41
R2547_num10,21.41
R386_num10,21.41
R386_reverse_num10,21.41
R387_num10,21.41
R765_num3,21.41
R785_num3,21.41
R1302_num2,21.1165
R1124_num2,21.0085
R1125_num2,21.0085
R1459_num2,21.0085
R1230,20.9767
R1757_num5,20.8847
R20_num2,20.8735
R21_num2,20.8735
R256,20.8735
R1083_num1,20.745
R1084_num1,20.745
R731,20.6388
R731_reverse,20.6388
R800,19.7555
R1669_num2,19.4463
R24,19.4463
R10_num2,19.1322
R10_reverse_num2,19.1322
R1039_num1,19.1322
R1041_num1,19.1322
R1041_reverse_num1,19.1322
R1706_num8,19.1322
R365_num1,19.1322
R736_num1,19.1322
R736_reverse_num1,19.1322
R737_num1,19.1322
R75_num1,19.1322
R80_num1,19.1322
R80_reverse_num1,19.1322
R84_num3,19.1322
R881_num1,19.1322
R1029_num3,18.8455
R121,18.8455
R127,18.8455
R427,18.7183
R1540_num2,18.6638
R1591_num9,18.6638
R1591_reverse_num9,18.6638
R2547_num9,18.6638
R386_num9,18.6638
R386_reverse_num9,18.6638
R387_num9,18.6638
R765_num2,18.6638
R785_num2,18.6638
R592_num2,18.351
R593_num2,18.351
R594_num2,18.351
R595_num2,18.351
R596_num2,18.351
R597_num2,18.351
R598_num2,18.351
R599_num2,18.351
R600_num2,18.351
R601_num2,18.351
R602_num2,18.351
R603_num2,18.351
R604_num2,18.351
R605_num2,18.351
R606_num2,18.351
R607_num2,18.351
R608_num2,18.351
R609_num2,18.351
R610_num2,18.351
R611_num2,18.351
R621_num2,18.351
R1459_num3,18.3044
R1575_num3,18.1572
R1590_num1,18.1572
R1591_num1,18.1572
R1592_num1,18.1572
R1592_reverse_num1,18.1572
R974,18.1165
R750,17.875
R833_num2,17.875
R1192_num3,17.6993
R1192_reverse_num3,17.6993
R1194_num5,17.6993
R1195_num5,17.6993
R1196_num5,17.6993
R1197_num5,17.6993
R1198_num5,17.6993
R1199_num5,17.6993
R1200_num5,17.6993
R1270,17.5605
R1494_num5,17.3207
R1707_num6,17.3207
R1720_num5,17.3207
R198_num10,17.3207
R28_num6,17.3207
R907,17.2717
R1591_num5,17.0338
R1591_num6,17.0338
R1591_reverse_num5,17.0338
R1591_reverse_num6,17.0338
R2547_num5,17.0338
R2547_num6,17.0338
R386_num5,17.0338
R386_num6,17.0338
R386_reverse_num5,17.0338
R386_reverse_num6,17.0338
R387_num5,17.0338
R387_num6,17.0338
R390_num5,17.0338
R1001,16.5874
R1029_num2,16.5874
R1447,16.5874
R1938,16.5874
R1938_reverse,16.5874
R1939,16.5874
R1939_reverse,16.5874
R44,16.5874
R884_num2,16.5874
R885,16.5874
R885_reverse,16.5874
R916_num3,16.5874
R916_reverse_num3,16.5874
R929_num3,16.5874
R990,16.5874
R994,16.5874
R1832_num1,16.3195
R1832_reverse_num1,16.3195
R2138_num1,16.3195
R2138_reverse_num1,16.3195
R502_num8,16.1995
R1660_num3,15.816
R1740_num3,15.816
R1750,15.816
R196_num3,15.816
R196_reverse_num3,15.816
R378_num3,15.816
R379_num3,15.816
R380_num3,15.816
R1552_num1,15.5807
R1553,15.5807
R1902_num1,15.5807
R767_num1,15.5807
R768_num1,15.5807
R768_reverse_num1,15.5807
R769_num1,15.5807
R769_reverse_num1,15.5807
R770_num1,15.5807
R770_reverse_num1,15.5807
R771_num1,15.5807
R771_reverse_num1,15.5807
R775_num1,15.5807
R775_reverse_num1,15.5807
R776_num1,15.5807
R777_num1,15.5807
R1680,15.5363
R1680_reverse,15.5363
R1679,15.3726
R2278_num12,15.3726
R2287_num8,15.3726
R1552_num2,15.1668
R1902_num2,15.1668
R767_num2,15.1668
R768_num2,15.1668
R768_reverse_num2,15.1668
R769_num2,15.1668
R769_reverse_num2,15.1668
R770_num2,15.1668
R770_reverse_num2,15.1668
R771_num2,15.1668
R771_reverse_num2,15.1668
R775_num2,15.1668
R775_reverse_num2,15.1668
R776_num2,15.1668
R777_num2,15.1668
R254_num1,15.112
R978,15.112
R1269,14.9501
R1229,14.7969
R1957,14.7924
R1957_reverse,14.7924
R56_num2,14.7924
R436,14.6646
R1719_num1,14.6521
R1719_reverse_num1,14.6521
R1012_num5,14.5229
R1012_reverse_num5,14.5229
R225,14.5229
R225_reverse,14.5229
R239_num2,14.5229
R247_num4,14.5229
R247_reverse_num4,14.5229
R945_num4,14.5229
R1021,14.1686
R1109,13.9853
R1571_num16,13.4339
R1572_num16,13.4339
R1593_num10,13.4339
R1593_reverse_num10,13.4339
R72,13.378
R1337,13.3599
R1863_num1,13.315
R1863_reverse_num1,13.315
R1865_num1,13.315
R1865_reverse_num1,13.315
R1868_num1,13.315
R1868_reverse_num1,13.315
R419_num1,13.315
R419_reverse_num1,13.315
R132,13.2987
R133_num1,13.2987
R1660_num2,13.2987
R1740_num2,13.2987
R196_num2,13.2987
R196_reverse_num2,13.2987
R378_num2,13.2987
R379_num2,13.2987
R380_num2,13.2987
R1540_num1,12.9033
R1591_num4,12.9033
R1591_reverse_num4,12.9033
R2547_num4,12.9033
R381_num4,12.9033
R382_num4,12.9033
R383_num4,12.9033
R386_num4,12.9033
R386_reverse_num4,12.9033
R387_num4,12.9033
R389_num4,12.9033
R390_num4,12.9033
R391_num4,12.9033
R765_num1,12.9033
R785_num1,12.9033
R1201,12.8545
R89_num1,12.8203
R1205,12.657
R1591_num3,12.5059
R1591_reverse_num3,12.5059
R2547_num3,12.5059
R381_num2,12.5059
R382_num2,12.5059
R383_num2,12.5059
R386_num3,12.5059
R386_reverse_num3,12.5059
R387_num3,12.5059
R389_num2,12.5059
R390_num2,12.5059
R391_num2,12.5059
R37,12.4939
R1179_num4,12.4171
R1179_reverse_num4,12.4171
R1451_num3,12.4171
R146_num8,12.4171
R148_num3,12.4171
R1756_num8,12.4171
R1770_num4,12.4171
R1770_reverse_num4,12.4171
R1771_num4,12.4171
R1771_reverse_num4,12.4171
R1843_num8,12.4171
R1843_reverse_num8,12.4171
R2116_num8,12.4171
R223_num8,12.4171
R223_reverse_num8,12.4171
R230_num8,12.4171
R283_num7,12.4171
R284_num7,12.4171
R31_num7,12.4171
R32_num7,12.4171
R33_num7,12.4171
R34_num4,12.4171
R364_num8,12.4171
R364_reverse_num8,12.4171
R78_num8,12.4171
R814_num7,12.4171
R899_num6,12.4171
R899_reverse_num6,12.4171
R998_num1,12.4171
R1098_num1,12.352
R1098_reverse_num1,12.352
R1257_num2,12.2546
R1257_reverse_num2,12.2546
R1685,12.2546
R915,12.2054
R1225,11.9812
R878,11.9812
R1209,11.8828
R918_num2,11.8828
R1766,11.8134
R1768,11.8134
R1768_reverse,11.8134
R2145,11.8134
R892,11.6296
R1929,11.6235
R1965,11.6235
R85,11.4984
R1203,11.4266
R1458,11.3729
R2061,11.3729
R993,11.3729
R152_num3,11.3689
R1780_num6,11.2155
R711_num8,11.2155
R981_num7,11.2155
R981_reverse_num7,11.2155
R1580,11.1759
R1357_num1,11.158
R1360_num1,11.158
R1361_num1,11.158
R1465_num1,11.158
R1465_reverse_num1,11.158
R95_num2,11.1388
R1568,11.1148
R1569,11.1148
R738,11.1105
R1581_num2,11.0642
R1582_num2,11.0642
R1661_num2,11.0642
R2044_num2,11.0642
R381_num3,11.0642
R382_num3,11.0642
R383_num3,11.0642
R389_num3,11.0642
R390_num3,11.0642
R391_num3,11.0642
R786_num2,11.0642
R788_num2,11.0642
R1233,11.0376
R1604,11.0064
R1624,11.0064
R1443,10.9966
R2079,10.9966
R2080,10.9966
R98_num3,10.9966
R98_reverse_num3,10.9966
R1302_num1,10.9495
R1845_num2,10.9288
R1845_reverse_num2,10.9288
R1860_num1,10.9288
R1860_reverse_num1,10.9288
R623_num1,10.9288
R624_num1,10.9288
R625_num1,10.9288
R626_num1,10.9288
R627_num1,10.9288
R628_num1,10.9288
R636_num1,10.9288
R637_num1,10.9288
R641_num1,10.9288
R644_num1,10.9288
R645_num1,10.9288
R646_num1,10.9288
R647_num1,10.9288
R648_num1,10.9288
R649_num1,10.9288
R650_num1,10.9288
R651_num1,10.9288
R652_num1,10.9288
R653_num1,10.9288
R1571_num2,10.7304
R1572_num2,10.7304
R1593_num1,10.7304
R1593_reverse_num1,10.7304
R1390_num2,10.7238
R1519_num4,10.6687
R1522_num4,10.6687
R1525_num4,10.6687
R1640,10.6687
R1640_reverse,10.6687
R1652_num1,10.6687
R310,10.6687
R467_num11,10.6687
R468_num11,10.6687
R468_reverse_num11,10.6687
R472_num11,10.6687
R473_num11,10.6687
R473_reverse_num11,10.6687
R477_num11,10.6687
R478_num11,10.6687
R478_reverse_num11,10.6687
R482_num11,10.6687
R483_num11,10.6687
R483_reverse_num11,10.6687
R487_num11,10.6687
R488_num11,10.6687
R488_reverse_num11,10.6687
R492_num11,10.6687
R493_num11,10.6687
R493_reverse_num11,10.6687
R497_num11,10.6687
R498_num11,10.6687
R498_reverse_num11,10.6687
R503_num10,10.6687
R503_reverse_num10,10.6687
R507_num11,10.6687
R508_num10,10.6687
R513_num11,10.6687
R514_num10,10.6687
R518_num11,10.6687
R519_num10,10.6687
R523_num11,10.6687
R524_num10,10.6687
R528_num11,10.6687
R529_num10,10.6687
R533_num11,10.6687
R534_num10,10.6687
R538_num11,10.6687
R539_num10,10.6687
R543_num11,10.6687
R544_num10,10.6687
R548_num11,10.6687
R549_num10,10.6687
R836_num2,10.6687
R838_num2,10.6687
R841_num2,10.6687
R1456,10.6271
R1457,10.6271
R754_num1,10.5821
R1735_num3,10.5698
R352_num2,10.5488
R59_num2,10.5488
R1780_num5,10.3317
R711_num6,10.3317
R981_num5,10.3317
R981_reverse_num5,10.3317
R916_num2,10.223
R53_num3,10.1179
R53_reverse_num3,10.1179
R1110,9.9901
R1111_num2,9.9901
R1112_num2,9.9901
R1112_reverse_num2,9.9901
R1113_num2,9.9901
R1113_reverse_num2,9.9901
R1114_num2,9.9901
R1114_reverse_num2,9.9901
R1461,9.9901
R1104,9.9754
R683,9.9754
R684,9.9754
R684_reverse,9.9754
R685,9.9754
R685_reverse,9.9754
R686,9.9754
R686_reverse,9.9754
R687,9.9754
R687_reverse,9.9754
R688,9.9754
R688_reverse,9.9754
R689,9.9754
R689_reverse,9.9754
R1281_num3,9.7239
R22_num5,9.7239
R252_num13,9.7239
R465_num4,9.7239
R466_num4,9.7239
R466_reverse_num4,9.7239
R467_num10,9.7239
R468_num10,9.7239
R468_reverse_num10,9.7239
R469_num4,9.7239
R470_num4,9.7239
R470_reverse_num4,9.7239
R471,9.7239
R472_num10,9.7239
R473_num10,9.7239
R473_reverse_num10,9.7239
R474_num4,9.7239
R474_reverse_num4,9.7239
R475_num4,9.7239
R475_reverse_num4,9.7239
R476,9.7239
R477_num10,9.7239
R478_num10,9.7239
R478_reverse_num10,9.7239
R479_num4,9.7239
R479_reverse_num4,9.7239
R480_num4,9.7239
R480_reverse_num4,9.7239
R481,9.7239
R482_num10,9.7239
R483_num10,9.7239
R483_reverse_num10,9.7239
R484_num4,9.7239
R484_reverse_num4,9.7239
R485_num4,9.7239
R485_reverse_num4,9.7239
R486,9.7239
R487_num10,9.7239
R488_num10,9.7239
R488_reverse_num10,9.7239
R489_num4,9.7239
R489_reverse_num4,9.7239
R490_num4,9.7239
R490_reverse_num4,9.7239
R491,9.7239
R492_num10,9.7239
R493_num10,9.7239
R493_reverse_num10,9.7239
R494_num4,9.7239
R494_reverse_num4,9.7239
R495_num4,9.7239
R495_reverse_num4,9.7239
R496,9.7239
R497_num10,9.7239
R498_num10,9.7239
R498_reverse_num10,9.7239
R499_num4,9.7239
R499_reverse_num4,9.7239
R500_num4,9.7239
R500_reverse_num4,9.7239
R501,9.7239
R502_num6,9.7239
R503_num9,9.7239
R503_reverse_num9,9.7239
R504_num2,9.7239
R505_num5,9.7239
R506,9.7239
R507_num10,9.7239
R508_num9,9.7239
R509_num2,9.7239
R510_num5,9.7239
R511,9.7239
R512_num2,9.7239
R512_reverse_num2,9.7239
R513_num10,9.7239
R514_num9,9.7239
R515,9.7239
R515_reverse,9.7239
R516_num5,9.7239
R517,9.7239
R518_num10,9.7239
R519_num9,9.7239
R520,9.7239
R520_reverse,9.7239
R521_num5,9.7239
R522,9.7239
R523_num10,9.7239
R524_num9,9.7239
R525,9.7239
R525_reverse,9.7239
R526_num5,9.7239
R527,9.7239
R528_num10,9.7239
R529_num9,9.7239
R530,9.7239
R530_reverse,9.7239
R531_num5,9.7239
R532,9.7239
R533_num10,9.7239
R534_num9,9.7239
R535,9.7239
R535_reverse,9.7239
R536_num5,9.7239
R537,9.7239
R538_num10,9.7239
R539_num9,9.7239
R540,9.7239
R540_reverse,9.7239
R541_num5,9.7239
R542,9.7239
R543_num10,9.7239
R544_num9,9.7239
R545,9.7239
R545_reverse,9.7239
R546_num5,9.7239
R547,9.7239
R548_num10,9.7239
R549_num9,9.7239
R550,9.7239
R550_reverse,9.7239
R551_num5,9.7239
R552,9.7239
R553_num2,9.7239
R554_num2,9.7239
R555_num2,9.7239
R556_num2,9.7239
R557_num2,9.7239
R558_num2,9.7239
R559_num2,9.7239
R560_num2,9.7239
R561_num2,9.7239
R562_num2,9.7239
R563_num2,9.7239
R564_num2,9.7239
R565_num2,9.7239
R566_num2,9.7239
R567_num2,9.7239
R568_num2,9.7239
R569_num2,9.7239
R570_num2,9.7239
R571_num2,9.7239
R571_reverse_num2,9.7239
R572_num2,9.7239
R572_reverse_num2,9.7239
R573_num2,9.7239
R573_reverse_num2,9.7239
R574_num2,9.7239
R574_reverse_num2,9.7239
R575_num2,9.7239
R575_reverse_num2,9.7239
R576_num2,9.7239
R576_reverse_num2,9.7239
R577_num2,9.7239
R577_reverse_num2,9.7239
R578_num2,9.7239
R578_reverse_num2,9.7239
R580_num2,9.7239
R580_reverse_num2,9.7239
R581_num2,9.7239
R581_reverse_num2,9.7239
R582_num2,9.7239
R582_reverse_num2,9.7239
R583_num2,9.7239
R583_reverse_num2,9.7239
R584_num2,9.7239
R584_reverse_num2,9.7239
R585_num2,9.7239
R585_reverse_num2,9.7239
R586_num2,9.7239
R586_reverse_num2,9.7239
R587_num2,9.7239
R587_reverse_num2,9.7239
R588_num2,9.7239
R588_reverse_num2,9.7239
R589_num2,9.7239
R589_reverse_num2,9.7239
R590_num2,9.7239
R590_reverse_num2,9.7239
R591_num2,9.7239
R591_reverse_num2,9.7239
R619_num5,9.7239
R622_num2,9.7239
R1369,9.7193
R1372_num2,9.7193
R329,9.6903
R329_reverse,9.6903
R330,9.6903
R330_reverse,9.6903
R467_num7,9.6903
R468_num7,9.6903
R468_reverse_num7,9.6903
R472_num7,9.6903
R473_num7,9.6903
R473_reverse_num7,9.6903
R477_num7,9.6903
R478_num7,9.6903
R478_reverse_num7,9.6903
R482_num7,9.6903
R483_num7,9.6903
R483_reverse_num7,9.6903
R487_num7,9.6903
R488_num7,9.6903
R488_reverse_num7,9.6903
R492_num7,9.6903
R493_num7,9.6903
R493_reverse_num7,9.6903
R497_num7,9.6903
R498_num7,9.6903
R498_reverse_num7,9.6903
R502_num4,9.6903
R507_num7,9.6903
R513_num7,9.6903
R518_num7,9.6903
R523_num7,9.6903
R528_num7,9.6903
R533_num7,9.6903
R538_num7,9.6903
R543_num7,9.6903
R548_num7,9.6903
R923_num1,9.6359
R1035,9.6312
R46,9.6312
R421_num2,9.6041
R421_reverse_num2,9.6041
R795_num2,9.6041
R326,9.5015
R326_reverse,9.5015
R327,9.5015
R720_num2,9.4796
R721_num2,9.4796
R721_reverse_num2,9.4796
R1593_num3,9.477
R1593_reverse_num3,9.477
R1780_num4,9.4142
R711_num5,9.4142
R981_num4,9.4142
R981_reverse_num4,9.4142
R53_num1,9.3591
R53_reverse_num1,9.3591
R152_num1,9.1045
R1094_num3,9.0168
R1095_num3,9.0168
R1089_num5,8.9758
R1089_reverse_num5,8.9758
R1090_num5,8.9758
R1090_reverse_num5,8.9758
R1460_num2,8.9507
R1134,8.9425
R101_num1,8.9416
R101_reverse_num1,8.9416
R1591_num7,8.9364
R1591_reverse_num7,8.9364
R2547_num7,8.9364
R386_num7,8.9364
R386_reverse_num7,8.9364
R387_num7,8.9364
R421_num1,8.9068
R421_reverse_num1,8.9068
R795_num1,8.9068
R1575_num2,8.662
R1581_num5,8.662
R1582_num5,8.662
R1595_num2,8.662
R2044_num5,8.662
R786_num5,8.662
R789_num3,8.662
R789_reverse_num3,8.662
R145,8.5014
R2118,8.5014
R252_num14,8.5014
R1179_num1,8.4666
R1179_reverse_num1,8.4666
R1451_num1,8.4666
R146_num3,8.4666
R1756_num3,8.4666
R1843_num3,8.4666
R1843_reverse_num3,8.4666
R2116_num3,8.4666
R223_num3,8.4666
R223_reverse_num3,8.4666
R230_num3,8.4666
R283_num3,8.4666
R284_num3,8.4666
R31_num3,8.4666
R32_num3,8.4666
R33_num3,8.4666
R34_num1,8.4666
R364_num3,8.4666
R364_reverse_num3,8.4666
R78_num3,8.4666
R814_num3,8.4666
R998_num2,8.4666
R152_num7,8.4207
R22_num3,8.2876
R619_num3,8.2876
R1632,8.2221
R1634,8.2221
R835,8.2117
R837_num1,8.2117
R839_num1,8.2117
R842_num1,8.2117
R845_num1,8.2117
R1762,8.1878
R1781_num1,8.1878
R1782,8.1878
R948_num1,8.1878
R1280_num2,8.1822
R150,8.1485
R1014_num3,8.1472
R1018,8.1472
R1635_num2,8.108
R2206_num2,8.0576
R2206_reverse_num2,8.0576
R2207_num2,8.0576
R2207_reverse_num2,8.0576
R2208_num2,8.0576
R2208_reverse_num2,8.0576
R2209_num2,8.0576
R2209_reverse_num2,8.0576
R2210_num2,8.0576
R2210_reverse_num2,8.0576
R2211_num2,8.0576
R2211_reverse_num2,8.0576
R2212_num2,8.0576
R2212_reverse_num2,8.0576
R2213_num2,8.0576
R2213_reverse_num2,8.0576
R2214_num2,8.0576
R2214_reverse_num2,8.0576
R2215_num2,8.0576
R2215_reverse_num2,8.0576
R2216_num2,8.0576
R2216_reverse_num2,8.0576
R2217_num2,8.0576
R2217_reverse_num2,8.0576
R2218_num2,8.0576
R2218_reverse_num2,8.0576
R2219_num2,8.0576
R2219_reverse_num2,8.0576
R2220_num2,8.0576
R2220_reverse_num2,8.0576
R2221_num2,8.0576
R2221_reverse_num2,8.0576
R2222_num2,8.0576
R2222_reverse_num2,8.0576
R2223_num2,8.0576
R2223_reverse_num2,8.0576
R2224_num2,8.0576
R2224_reverse_num2,8.0576
R2225_num2,8.0576
R2225_reverse_num2,8.0576
R2226_num2,8.0576
R2226_reverse_num2,8.0576
R592_num5,8.0576
R593_num5,8.0576
R594_num5,8.0576
R595_num5,8.0576
R596_num5,8.0576
R597_num5,8.0576
R598_num5,8.0576
R599_num5,8.0576
R600_num5,8.0576
R601_num5,8.0576
R602_num5,8.0576
R603_num5,8.0576
R604_num5,8.0576
R605_num5,8.0576
R606_num5,8.0576
R607_num5,8.0576
R608_num5,8.0576
R609_num5,8.0576
R610_num5,8.0576
R611_num5,8.0576
R621_num5,8.0576
R2019,8.0403
R2019_reverse,8.0403
R1675,8.023
R1730,8.023
R417,8.023
R417_reverse,8.023
R1103,7.9291
R1281_num2,7.9291
R1601,7.9291
R22_num4,7.9291
R252_num12,7.9291
R465_num3,7.9291
R466_num3,7.9291
R466_reverse_num3,7.9291
R467_num9,7.9291
R468_num9,7.9291
R468_reverse_num9,7.9291
R469_num3,7.9291
R470_num3,7.9291
R470_reverse_num3,7.9291
R472_num9,7.9291
R473_num9,7.9291
R473_reverse_num9,7.9291
R474_num3,7.9291
R474_reverse_num3,7.9291
R475_num3,7.9291
R475_reverse_num3,7.9291
R477_num9,7.9291
R478_num9,7.9291
R478_reverse_num9,7.9291
R479_num3,7.9291
R479_reverse_num3,7.9291
R480_num3,7.9291
R480_reverse_num3,7.9291
R482_num9,7.9291
R483_num9,7.9291
R483_reverse_num9,7.9291
R484_num3,7.9291
R484_reverse_num3,7.9291
R485_num3,7.9291
R485_reverse_num3,7.9291
R487_num9,7.9291
R488_num9,7.9291
R488_reverse_num9,7.9291
R489_num3,7.9291
R489_reverse_num3,7.9291
R490_num3,7.9291
R490_reverse_num3,7.9291
R492_num9,7.9291
R493_num9,7.9291
R493_reverse_num9,7.9291
R494_num3,7.9291
R494_reverse_num3,7.9291
R495_num3,7.9291
R495_reverse_num3,7.9291
R497_num9,7.9291
R498_num9,7.9291
R498_reverse_num9,7.9291
R499_num3,7.9291
R499_reverse_num3,7.9291
R500_num3,7.9291
R500_reverse_num3,7.9291
R502_num5,7.9291
R503_num8,7.9291
R503_reverse_num8,7.9291
R504_num1,7.9291
R505_num4,7.9291
R507_num9,7.9291
R508_num8,7.9291
R509_num1,7.9291
R510_num4,7.9291
R512_num1,7.9291
R512_reverse_num1,7.9291
R513_num9,7.9291
R514_num8,7.9291
R516_num4,7.9291
R518_num9,7.9291
R519_num8,7.9291
R521_num4,7.9291
R523_num9,7.9291
R524_num8,7.9291
R526_num4,7.9291
R528_num9,7.9291
R529_num8,7.9291
R531_num4,7.9291
R533_num9,7.9291
R534_num8,7.9291
R536_num4,7.9291
R538_num9,7.9291
R539_num8,7.9291
R541_num4,7.9291
R543_num9,7.9291
R544_num8,7.9291
R546_num4,7.9291
R548_num9,7.9291
R549_num8,7.9291
R551_num4,7.9291
R553_num1,7.9291
R554_num1,7.9291
R555_num1,7.9291
R556_num1,7.9291
R557_num1,7.9291
R558_num1,7.9291
R559_num1,7.9291
R560_num1,7.9291
R561_num1,7.9291
R562_num1,7.9291
R563_num1,7.9291
R564_num1,7.9291
R565_num1,7.9291
R566_num1,7.9291
R567_num1,7.9291
R568_num1,7.9291
R569_num1,7.9291
R570_num1,7.9291
R571_num1,7.9291
R571_reverse_num1,7.9291
R572_num1,7.9291
R572_reverse_num1,7.9291
R573_num1,7.9291
R573_reverse_num1,7.9291
R574_num1,7.9291
R574_reverse_num1,7.9291
R575_num1,7.9291
R575_reverse_num1,7.9291
R576_num1,7.9291
R576_reverse_num1,7.9291
R577_num1,7.9291
R577_reverse_num1,7.9291
R578_num1,7.9291
R578_reverse_num1,7.9291
R580_num1,7.9291
R580_reverse_num1,7.9291
R581_num1,7.9291
R581_reverse_num1,7.9291
R582_num1,7.9291
R582_reverse_num1,7.9291
R583_num1,7.9291
R583_reverse_num1,7.9291
R584_num1,7.9291
R584_reverse_num1,7.9291
R585_num1,7.9291
R585_reverse_num1,7.9291
R586_num1,7.9291
R586_reverse_num1,7.9291
R587_num1,7.9291
R587_reverse_num1,7.9291
R588_num1,7.9291
R588_reverse_num1,7.9291
R589_num1,7.9291
R589_reverse_num1,7.9291
R590_num1,7.9291
R590_reverse_num1,7.9291
R591_num1,7.9291
R591_reverse_num1,7.9291
R619_num4,7.9291
R622_num1,7.9291
R1222,7.9202
R1652_num2,7.9202
R1654_num2,7.9202
R1656_num2,7.9202
R812_num12,7.9202
R813_num12,7.9202
R850_num3,7.9202
R851_num3,7.9202
R807_num2,7.8391
R808_num2,7.8391
R809_num2,7.8391
R818_num2,7.8391
R820_num2,7.8391
R822_num2,7.8391
R824_num2,7.8391
R827_num2,7.8391
R830_num2,7.8391
R1659_num1,7.7715
R972_num1,7.7715
R1827_num1,7.6755
R1835_num1,7.6755
R1187_num1,7.6623
R1837_num1,7.6623
R613_num1,7.6623
R613_reverse_num1,7.6623
R642_num1,7.6623
R642_reverse_num1,7.6623
R643_num1,7.6623
R693_num1,7.6623
R696_num1,7.6623
R699_num1,7.6623
R702_num1,7.6623
R705_num1,7.6623
R708_num1,7.6623
R1204_num1,7.6588
R1206,7.6588
R1207,7.6588
R1593_num11,7.629
R1593_reverse_num11,7.629
R334,7.5343
R1980_num1,7.3798
R251_num2,7.3558
R251_reverse_num2,7.3558
R1897,7.3537
R1897_reverse,7.3537
R1376,7.2542
R446,7.2542
R325_num2,7.1237
R1574_num2,7.1096
R1576_num2,7.1096
R1579_num2,7.1096
R1187_num4,7.0872
R1837_num4,7.0872
R613_num2,7.0872
R613_reverse_num2,7.0872
R642_num4,7.0872
R642_reverse_num4,7.0872
R643_num4,7.0872
R693_num4,7.0872
R696_num4,7.0872
R699_num4,7.0872
R702_num4,7.0872
R705_num4,7.0872
R708_num4,7.0872
R1275,7.0813
R1275_reverse,7.0813
R333,7.0052
R333_reverse,7.0052
R1052_num2,6.9409
R1089_num2,6.9409
R1089_reverse_num2,6.9409
R1090_num2,6.9409
R1090_reverse_num2,6.9409
R1052_num1,6.8561
R1082_num1,6.8561
R1089_num1,6.8561
R1089_reverse_num1,6.8561
R1090_num1,6.8561
R1090_reverse_num1,6.8561
R734_num3,6.8492
R735,6.8492
R108,6.849
R1840_num1,6.849
R22_num2,6.849
R259_num2,6.849
R260_num2,6.849
R619_num2,6.849
R796_num2,6.849
R76,6.8396
R942,6.6259
R1839,6.6133
R1839_reverse,6.6133
R1857,6.6133
R1857_reverse,6.6133
R1859_num2,6.6133
R292_num3,6.6133
R292_reverse_num3,6.6133
R638_num3,6.6133
R638_reverse_num3,6.6133
R654_num3,6.6133
R659_num3,6.6133
R662_num3,6.6133
R665_num3,6.6133
R668_num3,6.6133
R671_num3,6.6133
R674_num3,6.6133
R677_num3,6.6133
R680_num3,6.6133
R691_num3,6.6133
R694_num3,6.6133
R697_num3,6.6133
R697_reverse_num3,6.6133
R700_num3,6.6133
R703_num3,6.6133
R703_reverse_num3,6.6133
R706_num3,6.6133
R58,6.6044
R58_reverse,6.6044
R1575_num4,6.5967
R1590_num2,6.5967
R1592_num2,6.5967
R1592_reverse_num2,6.5967
R1493,6.5911
R215_num1,6.5674
R216_num1,6.5674
R1702,6.4617
R1703_num2,6.4617
R1705_num1,6.4617
R1716,6.4617
R1717,6.4617
R1955_num2,6.4617
R1956_num2,6.4617
R25,6.4617
R1106,6.456
R1111_num1,6.456
R1112_num1,6.456
R1112_reverse_num1,6.456
R1113_num1,6.456
R1113_reverse_num1,6.456
R1114_num1,6.456
R1114_reverse_num1,6.456
R198_num4,6.4443
R717_num2,6.4443
R237_num2,6.4271
R903,6.4271
R1469,6.3408
R192,6.3263
R193_num1,6.3263
R883,6.2917
R1379,6.2641
R1380,6.2641
R252_num2,6.2641
R1108,6.0283
R884_num4,6.0283
R916_num5,6.0283
R916_reverse_num5,6.0283
R929_num5,6.0283
R1193_num2,5.9627
R152_num5,5.9312
R1591_num2,5.9174
R1591_reverse_num2,5.9174
R2547_num2,5.9174
R381_num1,5.9174
R382_num1,5.9174
R383_num1,5.9174
R386_num2,5.9174
R386_reverse_num2,5.9174
R387_num2,5.9174
R389_num1,5.9174
R390_num1,5.9174
R391_num1,5.9174
R1705_num2,5.8962
R1044_num2,5.8173
R1044_reverse_num2,5.8173
R353,5.8173
R353_reverse,5.8173
R386_reverse_num1,5.8173
R739_num2,5.8173
R1665,5.8084
R153_num4,5.7616
R1507,5.6908
R1507_reverse,5.6908
R1512,5.6908
R1512_reverse,5.6908
R2559,5.6908
R399_num1,5.6908
R408,5.6908
R902_num1,5.6908
R1204_num2,5.6704
R639_num1,5.637
R639_reverse_num1,5.637
R640_num1,5.637
R640_reverse_num1,5.637
R655_num1,5.637
R657_num1,5.637
R660_num1,5.637
R663_num1,5.637
R666_num1,5.637
R669_num1,5.637
R672_num1,5.637
R675_num1,5.637
R678_num1,5.637
R681_num1,5.637
R692_num1,5.637
R692_reverse_num1,5.637
R695_num1,5.637
R698_num1,5.637
R698_reverse_num1,5.637
R701_num1,5.637
R704_num1,5.637
R707_num1,5.637
R707_reverse_num1,5.637
R934,5.637
R860_num3,5.63
R861_num3,5.63
R1735_num2,5.6162
R1259_num2,5.5648
R1259_reverse_num2,5.5648
R1260_num2,5.5648
R1260_reverse_num2,5.5648
R1848_num2,5.5648
R1849_num2,5.5648
R1850_num2,5.5648
R1851_num2,5.5648
R1852_num2,5.5648
R1853_num2,5.5648
R2137_num2,5.5648
R2206_num3,5.5026
R2206_reverse_num3,5.5026
R2207_num3,5.5026
R2207_reverse_num3,5.5026
R2208_num3,5.5026
R2208_reverse_num3,5.5026
R2209_num3,5.5026
R2209_reverse_num3,5.5026
R2210_num3,5.5026
R2210_reverse_num3,5.5026
R2210_reverse_num4,5.5026
R2211_num3,5.5026
R2211_reverse_num3,5.5026
R2212_num3,5.5026
R2212_reverse_num3,5.5026
R2213_num3,5.5026
R2213_reverse_num3,5.5026
R2214_num3,5.5026
R2214_reverse_num3,5.5026
R2215_num3,5.5026
R2215_reverse_num3,5.5026
R2216_num3,5.5026
R2216_reverse_num3,5.5026
R2217_num3,5.5026
R2217_reverse_num3,5.5026
R2218_num3,5.5026
R2218_reverse_num3,5.5026
R2219_num3,5.5026
R2219_reverse_num3,5.5026
R2220_num3,5.5026
R2220_reverse_num3,5.5026
R2221_num3,5.5026
R2221_reverse_num3,5.5026
R2222_num3,5.5026
R2222_reverse_num3,5.5026
R2223_num3,5.5026
R2223_reverse_num3,5.5026
R2224_num3,5.5026
R2224_reverse_num3,5.5026
R2225_num3,5.5026
R2225_reverse_num3,5.5026
R2226_num3,5.5026
R2226_reverse_num3,5.5026
R592_num7,5.5026
R593_num7,5.5026
R594_num7,5.5026
R595_num7,5.5026
R596_num7,5.5026
R597_num7,5.5026
R598_num7,5.5026
R599_num7,5.5026
R600_num7,5.5026
R601_num7,5.5026
R602_num7,5.5026
R603_num7,5.5026
R604_num7,5.5026
R605_num7,5.5026
R606_num7,5.5026
R607_num7,5.5026
R608_num7,5.5026
R609_num7,5.5026
R610_num7,5.5026
R611_num7,5.5026
R621_num7,5.5026
R1719_num2,5.4496
R1719_reverse_num2,5.4496
R886_num2,5.4047
R920_num2,5.4047
R921_num2,5.4047
R1571_num14,5.3671
R1572_num14,5.3671
R1593_num9,5.3671
R1593_reverse_num9,5.3671
R153_num2,5.3473
R834,5.3235
R852,5.3235
R852_reverse,5.3235
R2119_num2,5.2734
R2119_reverse_num2,5.2734
R399_num4,5.2734
R432_num3,5.2734
R902_num4,5.2734
R954,5.2589
R1265,5.2349
R1266,5.2349
R1267_num1,5.2349
R1581_num3,5.2349
R1582_num3,5.2349
R2044_num3,5.2349
R786_num3,5.2349
R787,5.2349
R789_num1,5.2349
R789_reverse_num1,5.2349
R1664,5.163
R923_num2,5.1386
R1659_num2,5.1129
R972_num2,5.1129
R155_num2,5.0433
R1567_num2,5.0433
R1587_num2,5.0433
R1598_num2,5.0433
R6_num2,5.0433
R752_num2,5.0433
R1004_num1,4.9813
R1004_reverse_num1,4.9813
R1823_num1,4.9813
R1823_reverse_num1,4.9813
R1824_num1,4.9813
R1824_reverse_num1,4.9813
R325_num1,4.9006
R2003,4.8595
R2003_reverse,4.8595
R135,4.7493
R136,4.7493
R137,4.7493
R1723,4.7493
R212,4.7493
R213,4.7493
R215_num2,4.7493
R216_num2,4.7493
R217,4.7493
R217_reverse,4.7493
R864,4.7404
R1047,4.7324
R1094_num2,4.7324
R1095_num2,4.7324
R725,4.7324
R726,4.7324
R1030_num1,4.7242
R1031_num1,4.7242
R1255_num1,4.7242
R1256_num1,4.7242
R1455_num1,4.7242
R1462,4.7242
R1462_reverse,4.7242
R41_num1,4.7242
R467_num2,4.7077
R468_num2,4.7077
R468_reverse_num2,4.7077
R472_num2,4.7077
R473_num2,4.7077
R473_reverse_num2,4.7077
R477_num2,4.7077
R478_num2,4.7077
R478_reverse_num2,4.7077
R482_num2,4.7077
R483_num2,4.7077
R483_reverse_num2,4.7077
R487_num2,4.7077
R488_num2,4.7077
R488_reverse_num2,4.7077
R492_num2,4.7077
R493_num2,4.7077
R493_reverse_num2,4.7077
R497_num2,4.7077
R498_num2,4.7077
R498_reverse_num2,4.7077
R503_num2,4.7077
R503_reverse_num2,4.7077
R507_num2,4.7077
R508_num2,4.7077
R513_num2,4.7077
R514_num2,4.7077
R518_num2,4.7077
R519_num2,4.7077
R523_num2,4.7077
R524_num2,4.7077
R528_num2,4.7077
R529_num2,4.7077
R533_num2,4.7077
R534_num2,4.7077
R538_num2,4.7077
R539_num2,4.7077
R543_num2,4.7077
R544_num2,4.7077
R548_num2,4.7077
R549_num2,4.7077
R65_num1,4.7077
R66_num1,4.7077
R740,4.7077
R747,4.7077
R748,4.7077
R748_reverse,4.7077
R1560,4.6807
R1565,4.6807
R157,4.6634
R157_reverse,4.6634
R730_num2,4.6634
R730_num3,4.6634
R730_num5,4.6634
R151,4.6426
R886_num3,4.5252
R920_num3,4.5252
R921_num3,4.5252
R1670_num1,4.4771
R124,4.4547
R124_reverse,4.4547
R125,4.4547
R125_reverse,4.4547
R802,4.4547
R1179_num5,4.4538
R1179_reverse_num5,4.4538
R283_num8,4.4538
R284_num8,4.4538
R31_num8,4.4538
R32_num8,4.4538
R33_num8,4.4538
R34_num5,4.4538
R814_num8,4.4538
R1669_num1,4.4455
R906,4.3983
R1581_num1,4.3928
R1582_num1,4.3928
R1661_num1,4.3928
R2044_num1,4.3928
R2046,4.3928
R2047,4.3928
R786_num1,4.3928
R788_num1,4.3928
R1082_num2,4.3567
R1089_num6,4.3567
R1089_reverse_num6,4.3567
R1090_num6,4.3567
R1090_reverse_num6,4.3567
R1092_num2,4.3518
R943,4.2947
R1626,4.2851
R1519_num1,4.2544
R1522_num1,4.2544
R1525_num1,4.2544
R720_num1,4.2522
R721_num1,4.2522
R721_reverse_num1,4.2522
R1194_num3,4.2365
R1195_num3,4.2365
R1196_num3,4.2365
R1197_num3,4.2365
R1198_num3,4.2365
R1199_num3,4.2365
R1200_num3,4.2365
R1096,4.2293
R1097,4.2293
R987,4.1921
R988,4.1921
R988_reverse,4.1921
R1386,4.1241
R1411,4.1241
R2042,4.1241
R1460_num4,3.9967
R2081,3.9643
R2081_reverse,3.9643
R905_num2,3.9643
R905_reverse_num2,3.9643
R916_reverse_num2,3.9643
R986,3.9643
R986_reverse,3.9643
R1737,3.93
R1739,3.93
R941_num1,3.904
R947_num1,3.904
R955,3.904
R956,3.904
R956_reverse,3.904
R1193_num1,3.8762
R308,3.7978
R781,3.7492
R783,3.7492
R783_reverse,3.7492
R152_num6,3.7427
R199_num4,3.6938
R856,3.6765
R1044_num1,3.6705
R1044_reverse_num1,3.6705
R739_num1,3.6705
R778,3.6705
R1494_num8,3.6453
R1707_num9,3.6453
R1720_num8,3.6453
R198_num13,3.6453
R28_num9,3.6453
R1691_num1,3.6328
R1509,3.6239
R1509_reverse,3.6239
R2129,3.6239
R399_num5,3.6239
R409,3.6239
R902_num5,3.6239
R902_num7,3.6239
R1187_num5,3.5776
R1837_num5,3.5776
R2563_num3,3.5776
R2563_reverse_num3,3.5776
R642_num5,3.5776
R642_reverse_num5,3.5776
R643_num5,3.5776
R656_num3,3.5776
R658_num3,3.5776
R661_num3,3.5776
R664_num3,3.5776
R667_num3,3.5776
R670_num3,3.5776
R673_num3,3.5776
R676_num3,3.5776
R679_num3,3.5776
R693_num5,3.5776
R696_num5,3.5776
R699_num5,3.5776
R702_num5,3.5776
R705_num5,3.5776
R708_num5,3.5776
R10_num3,3.5555
R10_reverse_num3,3.5555
R880,3.5555
R880_reverse,3.5555
R893,3.5555
R234_num1,3.4353
R1690_num2,3.4223
R1690_reverse_num2,3.4223
R1324,3.4208
R1325,3.4208
R860_num4,3.3349
R861_num4,3.3349
R1184,3.3324
R1210,3.3324
R1213_num1,3.3324
R592_num1,3.3324
R593_num1,3.3324
R594_num1,3.3324
R595_num1,3.3324
R596_num1,3.3324
R597_num1,3.3324
R598_num1,3.3324
R599_num1,3.3324
R600_num1,3.3324
R601_num1,3.3324
R602_num1,3.3324
R603_num1,3.3324
R604_num1,3.3324
R605_num1,3.3324
R606_num1,3.3324
R607_num1,3.3324
R608_num1,3.3324
R609_num1,3.3324
R610_num1,3.3324
R611_num1,3.3324
R621_num1,3.3324
R882,3.3196
R1551_num1,3.2866
R1078_num2,3.2225
R780,3.2145
R1372_num1,3.1792
R1670_num2,3.1582
R74,3.1567
R45,3.1115
R1593_num4,3.0933
R1593_reverse_num4,3.0933
R20_num1,3.0921
R21_num1,3.0921
R253,3.0921
R1186,3.0857
R1745_num2,3.0857
R1745_reverse_num2,3.0857
R2074_num3,3.0857
R926_num2,3.0857
R927_num2,3.0857
R928_num2,3.0857
R930_num2,3.0857
R1091,3.0705
R1093,3.0705
R1845_num1,2.9666
R1845_reverse_num1,2.9666
R633,2.9666
R15_num3,2.9524
R863,2.9295
R2143,2.9258
R2143_reverse,2.9258
R400_num1,2.9258
R1002,2.8743
R291,2.8743
R291_reverse,2.8743
R1819,2.867
R1819_reverse,2.867
R1927,2.867
R1927_reverse,2.867
R2128,2.867
R2128_reverse,2.867
R292_num4,2.867
R292_reverse_num4,2.867
R461,2.867
R461_reverse,2.867
R463,2.867
R463_reverse,2.867
R623_num3,2.867
R624_num3,2.867
R625_num3,2.867
R626_num3,2.867
R627_num3,2.867
R628_num3,2.867
R636_num2,2.867
R637_num2,2.867
R638_num4,2.867
R638_reverse_num4,2.867
R641_num2,2.867
R644_num3,2.867
R645_num3,2.867
R646_num3,2.867
R647_num3,2.867
R648_num3,2.867
R649_num3,2.867
R650_num3,2.867
R651_num3,2.867
R652_num3,2.867
R653_num3,2.867
R654_num4,2.867
R659_num4,2.867
R662_num4,2.867
R665_num4,2.867
R668_num4,2.867
R671_num4,2.867
R674_num4,2.867
R677_num4,2.867
R680_num4,2.867
R691_num4,2.867
R694_num4,2.867
R697_num4,2.867
R697_reverse_num4,2.867
R700_num4,2.867
R703_num4,2.867
R703_reverse_num4,2.867
R706_num4,2.867
R1187_num2,2.8415
R1837_num2,2.8415
R2563_num1,2.8415
R2563_reverse_num1,2.8415
R315_num1,2.8415
R315_reverse_num1,2.8415
R642_num2,2.8415
R642_reverse_num2,2.8415
R643_num2,2.8415
R656_num1,2.8415
R658_num1,2.8415
R661_num1,2.8415
R664_num1,2.8415
R667_num1,2.8415
R670_num1,2.8415
R673_num1,2.8415
R676_num1,2.8415
R679_num1,2.8415
R693_num2,2.8415
R696_num2,2.8415
R699_num2,2.8415
R702_num2,2.8415
R705_num2,2.8415
R708_num2,2.8415
R1780_num7,2.831
R711_num9,2.831
R981_num8,2.831
R981_reverse_num8,2.831
R1336_num3,2.8161
R1780_num2,2.8042
R711_num3,2.8042
R981_num2,2.8042
R981_reverse_num2,2.8042
R170_num1,2.7806
R171,2.7806
R172_num1,2.7806
R173,2.7806
R174_num1,2.7806
R175_num1,2.7806
R176_num1,2.7806
R211_num3,2.7806
R352_num1,2.7787
R59_num1,2.7787
R64,2.7787
R801_num3,2.777
R1576_num3,2.7716
R1577,2.7716
R1578_num2,2.7716
R1972,2.7716
R711_num1,2.7641
R982,2.7641
R982_reverse,2.7641
R152_num2,2.7593
R812_num6,2.7376
R812_num7,2.7376
R813_num6,2.7376
R813_num7,2.7376
R879,2.7376
R1030_num2,2.7288
R1031_num2,2.7288
R1255_num2,2.7288
R1256_num2,2.7288
R1455_num2,2.7288
R41_num2,2.7288
R170_num2,2.7153
R172_num2,2.7153
R174_num2,2.7153
R175_num2,2.7153
R176_num2,2.7153
R936,2.7003
R1780_num3,2.6801
R711_num4,2.6801
R981_num3,2.6801
R981_reverse_num3,2.6801
R1466,2.6026
R1468,2.6026
R884_num3,2.5939
R916_num4,2.5939
R916_reverse_num4,2.5939
R929_num4,2.5939
R1738,2.5401
R1658,2.5353
R1788,2.5315
R1790,2.5315
R1791,2.5315
R1792,2.5315
R1007,2.523
R1008_num1,2.523
R1008_reverse_num1,2.523
R1009_num1,2.523
R1009_reverse_num1,2.523
R1010_num1,2.523
R1010_reverse_num1,2.523
R1016,2.523
R384_num2,2.4775
R385_num2,2.4775
R797_num2,2.4775
R946,2.4667
R1339,2.4631
R1339_reverse,2.4631
R1341,2.4631
R1348,2.4631
R1348_reverse,2.4631
R1672_num3,2.4631
R850_num2,2.463
R851_num2,2.463
R1864,2.4521
R1864_reverse,2.4521
R1866,2.4521
R1866_reverse,2.4521
R1867,2.4521
R1867_reverse,2.4521
R420,2.4521
R420_reverse,2.4521
R944,2.4513
R11_num3,2.446
R1450_num2,2.446
R1450_reverse_num2,2.446
R2121_num1,2.446
R2121_reverse_num1,2.446
R66_num3,2.446
R745_num1,2.446
R760_num2,2.446
R760_reverse_num2,2.446
R761_num2,2.446
R761_reverse_num2,2.446
R762_num2,2.446
R762_reverse_num2,2.446
R79_num2,2.446
R804_num3,2.446
R817_num2,2.446
R82_num2,2.446
R84_num2,2.446
R96,2.446
R98_num2,2.446
R98_reverse_num2,2.446
R99_num2,2.446
R1012_num3,2.4447
R1012_reverse_num3,2.4447
R247_num2,2.4447
R247_reverse_num2,2.4447
R945_num2,2.4447
R1438,2.4296
R1438_reverse,2.4296
R811_num1,2.4212
R1373,2.4099
R1373_reverse,2.4099
R210,2.4071
R210_reverse,2.4071
R214,2.4071
R214_reverse,2.4071
R239_num1,2.4071
R287,2.403
R30,2.3786
R1453,2.3693
R1453_reverse,2.3693
R1080,2.3541
R1281_num1,2.3506
R1345,2.3506
R252_num1,2.3506
R711_num10,2.3429
R981_num9,2.3429
R981_reverse_num9,2.3429
R139_num2,2.3347
R1682_num2,2.3347
R288_num2,2.3347
R155_num3,2.3134
R1567_num3,2.3134
R1588,2.3134
R1598_num3,2.3134
R6_num3,2.3134
R752_num3,2.3134
R1557,2.3061
R1558,2.3061
R1564,2.3061
R47,2.2755
R48,2.2755
R711_num7,2.2706
R981_num6,2.2706
R981_reverse_num6,2.2706
R1551_num2,2.2488
R43_num1,2.246
R43_reverse_num1,2.246
R274,2.243
R274_reverse,2.243
R1180_num1,2.233
R1194_num4,2.233
R1195_num4,2.233
R1196_num4,2.233
R1197_num4,2.233
R1198_num4,2.233
R1199_num4,2.233
R1200_num4,2.233
R1817_num1,2.233
R1570,2.2068
R1763,2.1974
R1778,2.1974
R1780_num1,2.1974
R711_num2,2.1974
R981_num1,2.1974
R981_reverse_num1,2.1974
R1083_num2,2.1515
R1084_num2,2.1515
R1954_num1,2.1515
R1619_num2,2.1
R1621_num2,2.1
R1630_num2,2.1
R1573,2.0956
R1584,2.0956
R1502_num2,2.0881
R1863_num2,2.0828
R1863_reverse_num2,2.0828
R1865_num2,2.0828
R1865_reverse_num2,2.0828
R1868_num2,2.0828
R1868_reverse_num2,2.0828
R419_num2,2.0828
R419_reverse_num2,2.0828
R1591_reverse_num1,2.0646
R407,2.0597
R407_reverse,2.0597
R431,2.0597
R1078_num1,2.0422
R888_num1,2.0232
R917_num1,2.0232
R1503,2.0163
R2119_num1,2.0163
R2119_reverse_num1,2.0163
R402,2.0163
R432_num1,2.0163
R887_num2,2.0163
R1136_num2,2.0098
R1136_reverse_num2,2.0098
R1137_num2,2.0098
R1137_reverse_num2,2.0098
R1138_num2,2.0098
R1138_reverse_num2,2.0098
R1139_num2,2.0098
R1139_reverse_num2,2.0098
R1140_num2,2.0098
R1140_reverse_num2,2.0098
R1141_num2,2.0098
R1141_reverse_num2,2.0098
R1142_num2,2.0098
R1142_reverse_num2,2.0098
R1143_num2,2.0098
R1143_reverse_num2,2.0098
R1144_num2,2.0098
R1144_reverse_num2,2.0098
R1145_num2,2.0098
R1145_reverse_num2,2.0098
R1146_num2,2.0098
R1146_reverse_num2,2.0098
R1147_num2,2.0098
R1147_reverse_num2,2.0098
R1148_num2,2.0098
R1148_reverse_num2,2.0098
R1149_num2,2.0098
R1149_reverse_num2,2.0098
R1150_num2,2.0098
R1150_reverse_num2,2.0098
R1151_num2,2.0098
R1151_reverse_num2,2.0098
R1152_num2,2.0098
R1152_reverse_num2,2.0098
R1153_num2,2.0098
R1153_reverse_num2,2.0098
R1154_num2,2.0098
R1154_reverse_num2,2.0098
R1155_num2,2.0098
R1155_reverse_num2,2.0098
R1156_num2,2.0098
R1156_reverse_num2,2.0098
R1157_num2,2.0098
R1157_reverse_num2,2.0098
R1158_num2,2.0098
R1158_reverse_num2,2.0098
R1159_num2,2.0098
R1159_reverse_num2,2.0098
R1160_num2,2.0098
R1160_reverse_num2,2.0098
R1161_num2,2.0098
R1161_reverse_num2,2.0098
R1162_num2,2.0098
R1162_reverse_num2,2.0098
R1163_num2,2.0098
R1163_reverse_num2,2.0098
R1164_num2,2.0098
R1164_reverse_num2,2.0098
R1165_num2,2.0098
R1165_reverse_num2,2.0098
R1166_num2,2.0098
R1166_reverse_num2,2.0098
R1167_num2,2.0098
R1167_reverse_num2,2.0098
R1168_num2,2.0098
R1168_reverse_num2,2.0098
R1169_num2,2.0098
R1169_reverse_num2,2.0098
R1173_num2,2.0098
R1173_reverse_num2,2.0098
R1174_num2,2.0098
R1174_reverse_num2,2.0098
R26_num2,2.0098
R26_reverse_num2,2.0098
R27_num2,2.0098
R27_reverse_num2,2.0098
R1221,2.0029
R854_num3,2.0029
R862_num3,2.0029
R1594,1.8291
R1594_reverse,1.8291
R367,1.8258
R368,1.8258
R712,1.8258
R712_reverse,1.8258
R713,1.8258
R713_reverse,1.8258
R1187_num3,1.801
R1837_num3,1.801
R2563_num2,1.801
R2563_reverse_num2,1.801
R311,1.801
R311_reverse,1.801
R642_num3,1.801
R642_reverse_num3,1.801
R643_num3,1.801
R656_num2,1.801
R658_num2,1.801
R661_num2,1.801
R664_num2,1.801
R667_num2,1.801
R670_num2,1.801
R673_num2,1.801
R676_num2,1.801
R679_num2,1.801
R693_num3,1.801
R696_num3,1.801
R699_num3,1.801
R702_num3,1.801
R705_num3,1.801
R708_num3,1.801
R1611,1.7686
R177_num1,1.739
R178,1.739
R179_num1,1.739
R180_num1,1.739
R181,1.739
R185_num1,1.739
R186_num1,1.739
R1126,1.7097
R1130,1.7097
R1071_num1,1.6853
R1079,1.6853
R1017,1.6625
R152_num4,1.658
R428,1.6293
R429,1.6293
R153_num1,1.6261
R277_num2,1.6115
R1178,1.5961
R1448,1.5961
R1449,1.5961
R1743,1.5961
R29,1.5961
R29_reverse,1.5961
R335,1.5961
R337,1.5961
R49,1.5961
R9,1.5961
R991,1.5961
R315_num2,1.5833
R315_reverse_num2,1.5833
R467_num12,1.5833
R468_num12,1.5833
R468_reverse_num12,1.5833
R472_num12,1.5833
R473_num12,1.5833
R473_reverse_num12,1.5833
R477_num12,1.5833
R478_num12,1.5833
R478_reverse_num12,1.5833
R482_num12,1.5833
R483_num12,1.5833
R483_reverse_num12,1.5833
R487_num12,1.5833
R488_num12,1.5833
R488_reverse_num12,1.5833
R492_num12,1.5833
R493_num12,1.5833
R493_reverse_num12,1.5833
R497_num12,1.5833
R498_num12,1.5833
R498_reverse_num12,1.5833
R502_num7,1.5833
R507_num12,1.5833
R513_num12,1.5833
R518_num12,1.5833
R523_num12,1.5833
R528_num12,1.5833
R533_num12,1.5833
R538_num12,1.5833
R543_num12,1.5833
R548_num12,1.5833
R248,1.5586
R249,1.5586
R249_reverse,1.5586
R1237_num1,1.5533
R1691_num2,1.5522
R1012_num6,1.545
R1012_reverse_num6,1.545
R1742,1.545
R1742_reverse,1.545
R220_num1,1.545
R220_reverse_num1,1.545
R247_num5,1.545
R247_reverse_num5,1.545
R404_num1,1.545
R404_reverse_num1,1.545
R413,1.545
R413_reverse,1.545
R422_num1,1.545
R422_reverse_num1,1.545
R945_num5,1.545
R158_num3,1.5348
R158_reverse_num3,1.5348
R782_num3,1.5348
R782_reverse_num3,1.5348
R68_num1,1.5288
R68_reverse_num1,1.5288
R849,1.5024
R237_num1,1.4948
R1015,1.4882
R384_num1,1.4882
R385_num1,1.4882
R386_num1,1.4882
R387_num1,1.4882
R797_num1,1.4882
R1232,1.4872
R1677_num1,1.4811
R1677_reverse_num1,1.4811
R1678_num1,1.4811
R1678_reverse_num1,1.4811
R914,1.4388
R1272,1.4251
R1272_reverse,1.4251
R236,1.4023
R727,1.4023
R729,1.4023
R729_reverse,1.4023
R1508_num2,1.342
R1508_reverse_num2,1.342
R187_num2,1.342
R188_num2,1.342
R189_num2,1.342
R190_num2,1.342
R191_num2,1.342
R193_num2,1.342
R2021,1.3307
R2021_reverse,1.3307
R887_num1,1.3307
R894,1.3307
R894_reverse,1.3307
R1613,1.3279
R2013,1.3231
R1858,1.2898
R1860_num2,1.2898
R1860_reverse_num2,1.2898
R623_num7,1.2898
R624_num7,1.2898
R625_num7,1.2898
R626_num7,1.2898
R627_num7,1.2898
R628_num7,1.2898
R636_num5,1.2898
R637_num5,1.2898
R641_num5,1.2898
R644_num7,1.2898
R645_num7,1.2898
R646_num7,1.2898
R647_num7,1.2898
R648_num7,1.2898
R649_num7,1.2898
R650_num7,1.2898
R651_num7,1.2898
R652_num7,1.2898
R653_num7,1.2898
R1231,1.2885
R198_num2,1.2762
R465_num2,1.271
R466_num2,1.271
R466_reverse_num2,1.271
R469_num2,1.271
R470_num2,1.271
R470_reverse_num2,1.271
R474_num2,1.271
R474_reverse_num2,1.271
R475_num2,1.271
R475_reverse_num2,1.271
R479_num2,1.271
R479_reverse_num2,1.271
R480_num2,1.271
R480_reverse_num2,1.271
R484_num2,1.271
R484_reverse_num2,1.271
R485_num2,1.271
R485_reverse_num2,1.271
R489_num2,1.271
R489_reverse_num2,1.271
R490_num2,1.271
R490_reverse_num2,1.271
R494_num2,1.271
R494_reverse_num2,1.271
R495_num2,1.271
R495_reverse_num2,1.271
R499_num2,1.271
R499_reverse_num2,1.271
R500_num2,1.271
R500_reverse_num2,1.271
R1822,1.2595
R1826,1.2595
R989,1.2595
R1591_num8,1.2589
R1591_reverse_num8,1.2589
R2547_num8,1.2589
R386_num8,1.2589
R386_reverse_num8,1.2589
R387_num8,1.2589
R1827_num3,1.2496
R1835_num3,1.2496
R1836,1.2496
R1936,1.2496
R140,1.2205
R290,1.2205
R290_reverse,1.2205
R1508_num1,1.2176
R1508_reverse_num1,1.2176
R187_num1,1.2176
R188_num1,1.2176
R189_num1,1.2176
R190_num1,1.2176
R191_num1,1.2176
R177_num2,1.1984
R179_num2,1.1984
R180_num2,1.1984
R182_num2,1.1984
R182_num3,1.1984
R183_num2,1.1984
R183_num3,1.1984
R184_num2,1.1984
R185_num2,1.1984
R186_num2,1.1984
R251_num1,1.1939
R251_reverse_num1,1.1939
R1105_num2,1.1902
R1107_num2,1.1902
R1262_num3,1.1652
R1267_num2,1.1652
R1267_num3,1.1652
R2002_num2,1.1652
R2002_reverse_num2,1.1652
R332_num2,1.1652
R332_reverse_num2,1.1652
R15_num1,1.0598
R1747_num1,1.0598
R1374,1.0588
R1391,1.0588
R1480,1.0443
R1480_reverse,1.0443
R467_num8,1.0443
R468_num8,1.0443
R468_reverse_num8,1.0443
R472_num8,1.0443
R473_num8,1.0443
R473_reverse_num8,1.0443
R477_num8,1.0443
R478_num8,1.0443
R478_reverse_num8,1.0443
R482_num8,1.0443
R483_num8,1.0443
R483_reverse_num8,1.0443
R487_num8,1.0443
R488_num8,1.0443
R488_reverse_num8,1.0443
R492_num8,1.0443
R493_num8,1.0443
R493_reverse_num8,1.0443
R497_num8,1.0443
R498_num8,1.0443
R498_reverse_num8,1.0443
R503_num7,1.0443
R503_reverse_num7,1.0443
R507_num8,1.0443
R508_num7,1.0443
R513_num8,1.0443
R514_num7,1.0443
R518_num8,1.0443
R519_num7,1.0443
R523_num8,1.0443
R524_num7,1.0443
R528_num8,1.0443
R529_num7,1.0443
R533_num8,1.0443
R534_num7,1.0443
R538_num8,1.0443
R539_num7,1.0443
R543_num8,1.0443
R544_num7,1.0443
R548_num8,1.0443
R549_num7,1.0443
R369,1.0238
R370,1.0238
R714,1.0238
R714_reverse,1.0238
R715,1.0238
R715_reverse,1.0238
R11_num2,1.0134
R2554_num1,1.0134
R349_num1,1.0134
R349_reverse_num1,1.0134
R804_num2,1.0134
R924_num1,0.9793
R925_num1,0.9793
R1370,0.9429
R1460_num5,0.9292
R2088,0.9292
R2088_reverse,0.9292
R1208,0.9269
R441,0.9269
R1721,0.9231
R985,0.9231
R134_num2,0.9164
R1980_num2,0.9072
R1609,0.8803
R716,0.8803
R328,0.8771
R1693,0.8689
R1687,0.8653
R455,0.8653
R957,0.8653
R1228,0.858
R1741,0.8579
R1832_num2,0.8454
R1832_reverse_num2,0.8454
R2138_num2,0.8454
R2138_reverse_num2,0.8454
R901_num1,0.8363
R901_reverse_num1,0.8363
R1840_num2,0.8337
R1414,0.8235
R858,0.8137
R859,0.8137
R1969_num2,0.7484
R690,0.7272
R1841,0.7031
R1841_reverse,0.7031
R292_num7,0.7031
R292_reverse_num7,0.7031
R638_num7,0.7031
R638_reverse_num7,0.7031
R654_num7,0.7031
R659_num7,0.7031
R662_num7,0.7031
R665_num7,0.7031
R668_num7,0.7031
R671_num7,0.7031
R674_num7,0.7031
R677_num7,0.7031
R680_num7,0.7031
R691_num7,0.7031
R694_num7,0.7031
R697_num7,0.7031
R697_reverse_num7,0.7031
R700_num7,0.7031
R703_num7,0.7031
R703_reverse_num7,0.7031
R706_num7,0.7031
R1785,0.6996
R1793,0.6996
R1795,0.6996
R1797,0.6996
R1617,0.6995
R1617_reverse,0.6995
R1620,0.6995
R1518,0.6784
R1521,0.6784
R1524,0.6784
R325_num3,0.6784
R919,0.6784
R155_num1,0.6563
R1567_num1,0.6563
R1587_num1,0.6563
R1598_num1,0.6563
R6_num1,0.6563
R752_num1,0.6563
R723,0.6194
R723_reverse,0.6194
R901_num4,0.6166
R901_reverse_num4,0.6166
R798,0.6144
R1279_num1,0.6058
R1286_num1,0.6058
R1286_reverse_num1,0.6058
R1343_num1,0.6058
R1344_num1,0.6058
R1378_num1,0.6058
R1381_num1,0.6058
R1410_num1,0.6058
R1412_num1,0.6058
R1437_num1,0.6058
R1715,0.6058
R1715_reverse,0.6058
R1979_num1,0.6058
R1127,0.601
R1133,0.601
R1694,0.5932
R1694_reverse,0.5932
R1237_num2,0.5615
R1243_num2,0.5615
R1244_num2,0.5615
R1487,0.5318
R1488,0.5318
R1707_num4,0.5224
R198_num8,0.5224
R28_num4,0.5224
R717_num4,0.5224
R1055,0.5106
R1954_num2,0.5072
R1075,0.5003
R1491,0.499
R1492,0.499
R1510_num2,0.4982
R1510_reverse_num2,0.4982
R1511_num2,0.4982
R1511_reverse_num2,0.4982
R2017_num2,0.4982
R2017_reverse_num2,0.4982
R2022_num2,0.4982
R2022_reverse_num2,0.4982
R396_num1,0.4982
R396_reverse_num1,0.4982
R410_num2,0.4982
R411_num2,0.4982
R411_reverse_num2,0.4982
R415_num2,0.4982
R415_reverse_num2,0.4982
R435_num2,0.4982
R435_reverse_num2,0.4982
R1735_num1,0.4935
R736_num2,0.4851
R736_reverse_num2,0.4851
R737_num2,0.4851
R75_num2,0.4851
R84_num5,0.4851
R881_num2,0.4851
R1036,0.4723
R772,0.4723
R772_reverse,0.4723
R773,0.4723
R774,0.4723
R1554,0.4677
R1563,0.4677
R1504,0.4601
R2139,0.4601
R2139_reverse,0.4601
R403,0.4601
R432_num2,0.4601
R1619_num1,0.4488
R1621_num1,0.4488
R1630_num1,0.4488
R1744,0.4435
R1012_num1,0.4364
R1012_reverse_num1,0.4364
R1754_num1,0.4364
R1754_reverse_num1,0.4364
R997_num1,0.4364
R997_reverse_num1,0.4364
R1695_num2,0.4287
R1696_num2,0.4287
R1697_num2,0.4287
R2132,0.4271
R373,0.4271
R464,0.4271
R634,0.4271
R635,0.4271
R1342,0.4063
R1343_num2,0.4063
R1344_num2,0.4063
R1358,0.4063
R1378_num2,0.4063
R1381_num2,0.4063
R1410_num2,0.4063
R1412_num2,0.4063
R1413,0.4063
R1437_num2,0.4063
R1979_num2,0.4063
R2134,0.4063
R448,0.4063
R449,0.4063
R1071_num2,0.3971
R1102_num2,0.3949
R1102_reverse_num2,0.3949
R1442_num2,0.3949
R2031_num2,0.3949
R2031_reverse_num2,0.3949
R252_num5,0.3949
R255_num2,0.3949
R1847,0.3662
R289,0.3662
R292_num2,0.3662
R292_reverse_num2,0.3662
R638_num2,0.3662
R638_reverse_num2,0.3662
R654_num2,0.3662
R659_num2,0.3662
R662_num2,0.3662
R665_num2,0.3662
R668_num2,0.3662
R671_num2,0.3662
R674_num2,0.3662
R677_num2,0.3662
R680_num2,0.3662
R691_num2,0.3662
R694_num2,0.3662
R697_num2,0.3662
R697_reverse_num2,0.3662
R700_num2,0.3662
R703_num2,0.3662
R703_reverse_num2,0.3662
R706_num2,0.3662
R1390_num1,0.3568
R128,0.3467
R128_reverse,0.3467
R895,0.3467
R895_reverse,0.3467
R911,0.3467
R911_reverse,0.3467
R912,0.3467
R244,0.3391
R244_reverse,0.3391
R246,0.3391
R246_reverse,0.3391
R1440,0.3169
R1510_num3,0.3045
R1510_reverse_num3,0.3045
R1511_num3,0.3045
R1511_reverse_num3,0.3045
R2017_num3,0.3045
R2017_reverse_num3,0.3045
R2022_num3,0.3045
R2022_reverse_num3,0.3045
R396_num2,0.3045
R396_reverse_num2,0.3045
R410_num3,0.3045
R415_num3,0.3045
R415_reverse_num3,0.3045
R435_num3,0.3045
R435_reverse_num3,0.3045
R1029_num1,0.2812
R1695_num1,0.2786
R1696_num1,0.2786
R1697_num1,0.2786
R218,0.2495
R218_reverse,0.2495
R95_num1,0.2495
R1236,0.2494
R2144,0.2308
R2144_reverse,0.2308
R401,0.2308
R1032,0.2209
R1259_num1,0.2209
R1259_reverse_num1,0.2209
R1260_num1,0.2209
R1260_reverse_num1,0.2209
R1848_num1,0.2209
R1849_num1,0.2209
R1850_num1,0.2209
R1851_num1,0.2209
R1852_num1,0.2209
R1853_num1,0.2209
R2000,0.2209
R2137_num1,0.2209
R1014_num1,0.1967
R1608,0.1933
R1005,0.1704
R1006,0.1704
R1893,0.1671
R1894,0.1671
R1895,0.1671
R855,0.1637
R1102_num1,0.1459
R1102_reverse_num1,0.1459
R1442_num1,0.1459
R2031_num1,0.1459
R2031_reverse_num1,0.1459
R252_num3,0.1459
R255_num1,0.1459
R1387_num1,0.1339
R1388_num1,0.1339
R1389_num1,0.1339
R1409,0.1339
R1415,0.1339
R1416,0.1339
R1417,0.1339
R1418,0.1339
R1419,0.1339
R1420,0.1339
R1421,0.1339
R1422,0.1339
R1423,0.1339
R1423_reverse,0.1339
R1424,0.1339
R1424_reverse,0.1339
R1425,0.1339
R1426,0.1339
R1426_reverse,0.1339
R1427,0.1339
R1428,0.1339
R1706_num7,0.1339
R443,0.1339
R1718,0.1245
R1949,0.1245
R2124,0.1245
R2124_reverse,0.1245
R2130,0.1245
R1510_num1,0.1115
R1510_reverse_num1,0.1115
R1511_num1,0.1115
R1511_reverse_num1,0.1115
R2017_num1,0.1115
R2017_reverse_num1,0.1115
R2022_num1,0.1115
R2022_reverse_num1,0.1115
R410_num1,0.1115
R411_num1,0.1115
R411_reverse_num1,0.1115
R415_num1,0.1115
R415_reverse_num1,0.1115
R435_num1,0.1115
R435_reverse_num1,0.1115
R1786,0.1068
R1794,0.1068
R1796,0.1068
R1798,0.1068
R11_num5,0.1004
R1450_num4,0.1004
R1450_reverse_num4,0.1004
R66_num6,0.1004
R760_num4,0.1004
R760_reverse_num4,0.1004
R761_num4,0.1004
R761_reverse_num4,0.1004
R762_num4,0.1004
R762_reverse_num4,0.1004
R79_num4,0.1004
R804_num5,0.1004
R82_num4,0.1004
R84_num6,0.1004
R98_num6,0.1004
R98_reverse_num6,0.1004
R99_num4,0.1004
R1890,0.0677
R1179_num2,0.0645
R1179_reverse_num2,0.0645
R146_num4,0.0645
R283_num4,0.0645
R284_num4,0.0645
R31_num4,0.0645
R32_num4,0.0645
R33_num4,0.0645
R34_num2,0.0645
R814_num4,0.0645
R996,0.0645
R1279_num2,0.061
R1286_num2,0.061
R1286_reverse_num2,0.061
R1377,0.061
R1382,0.061
R1382_reverse,0.061
R1385,0.061
R444,0.061
R445,0.061
R265,0.0592
R142_num2,0.059
R252_num7,0.059
R1102_num3,0.0495
R1102_reverse_num3,0.0495
R1441,0.0495
R1442_num3,0.0495
R2031_num3,0.0495
R2031_reverse_num3,0.0495
R252_num15,0.0495
R1105_num1,0.0406
R1107_num1,0.0406
R1240,0.0094
R1953_num2,0.0056
R280_num2,0.0056
